network,condition,calibration_cap_rate,objective,primary,mean_random,mean_replay,mean_drift,mean_noise,mean_targeted,mean_pooled_f1,mean_clean_fpr,mean_all_negative_fpr,mean_family_macro_f1,mean_worst_family_f1,source_sd_random,source_sd_replay,source_sd_drift,source_sd_noise,source_sd_targeted,source_sd_pooled_f1,source_sd_clean_fpr,source_sd_all_negative_fpr,source_sd_family_macro_f1,source_sd_worst_family_f1,source_minimum_random,source_minimum_replay,source_minimum_drift,source_minimum_noise,source_minimum_targeted,source_minimum_pooled_f1,source_minimum_clean_fpr,source_minimum_all_negative_fpr,source_minimum_family_macro_f1,source_minimum_worst_family_f1,source_maximum_random,source_maximum_replay,source_maximum_drift,source_maximum_noise,source_maximum_targeted,source_maximum_pooled_f1,source_maximum_clean_fpr,source_maximum_all_negative_fpr,source_maximum_family_macro_f1,source_maximum_worst_family_f1
modena,e0r0,0.0005,pooled,True,0.9142004122058855,0.6395208817686527,0.7934445133961882,0.7891538553934184,0.9282682219108166,0.8167708306300381,0.00017017737826928567,0.000744084189913424,0.8129175769349923,0.6395208817686527,0.011374557728445955,0.024647560548745177,0.04459485555588127,0.04555251177626434,0.015907861527929747,0.014618416884442835,1.7481020043733337e-05,0.00012495621117280896,0.01586024180832666,0.024647560548745177,0.8961855925157799,0.5905741863540029,0.7473579379516694,0.7125610454482265,0.9038482248626916,0.8031983005683087,0.00015165816701864942,0.0005696124434306143,0.8004139987234914,0.5905741863540029,0.9290420763792137,0.6551070752854318,0.8630901663457887,0.8482585663065917,0.9459030609365211,0.8358485829862593,0.00019231937940844098,0.000881500566202294,0.8390682924753907,0.6551070752854318
modena,e0r1,0.0005,pooled,True,0.9437980220441428,0.9425303393112411,0.8150036004766754,0.8507243720449522,0.957710626036321,0.8751702513190911,0.0003801491773448399,0.00042158593810603435,0.9019533919826664,0.8092864478076343,0.00909085975113022,0.010821082102461226,0.041586747181991096,0.03471258772985103,0.014751640393338993,0.014621583220940836,6.735952173873277e-05,8.4882713286611e-05,0.012183810252205737,0.04126576327673562,0.9337516068074031,0.925603897078814,0.7717899093759054,0.7969317630478114,0.9329327536995998,0.8556056035072125,0.00031010699823216375,0.0003325196929623773,0.8916255588540197,0.7717899093759054,0.9571058516255927,0.9577843511054144,0.8775865469202525,0.9059438499674018,0.9729263724328945,0.8972531673587868,0.0004908565636702415,0.0005471950740417071,0.9239067083948526,0.8775865469202525
modena,e1r0,0.0005,pooled,True,0.9038256782151274,0.6282425753800396,0.7873069993526317,0.7859555400836077,0.9278907107546349,0.8103539426497397,0.00017944583738581163,0.0008070253534236835,0.8066443007572083,0.6282425753800396,0.012478224158033551,0.03322152022853153,0.045564851899008704,0.050569864125910434,0.012135173114646725,0.018843271151988708,2.219962724477117e-05,0.00014717390598664775,0.01990020576788112,0.03322152022853153,0.8819776044868296,0.5667280173573283,0.7373651989036606,0.7025288865140421,0.9130138246989579,0.7907987062232976,0.00015165816701864942,0.0005949581961827963,0.7872659702218229,0.5667280173573283,0.9179342834864704,0.6661623788165544,0.8559251786972552,0.8576038289062424,0.9407879749404163,0.8342861436957554,0.00021498959480964618,0.0009795933619871065,0.8379057282589003,0.6661623788165544
modena,e1r1,0.0005,pooled,True,0.94293686683677,0.9334522333451395,0.8143833484115007,0.8333907960149437,0.9572819269500058,0.8709289498584104,0.0003781904793457411,0.0004278933864513444,0.896289034311672,0.8035691864943181,0.009130044470578889,0.016449235417040006,0.04392122122790423,0.04160985062137891,0.01343061703527765,0.01197493296317548,5.062826482181952e-05,6.20872237801849e-05,0.013395234076556626,0.045502306549415075,0.9322082033928899,0.9131092644385997,0.7565790648117371,0.7710862094865961,0.9342086124813115,0.8580768670606869,0.00032067025364639805,0.00035650908964904174,0.8861443333179632,0.7565790648117371,0.9561800668364856,0.9548198426644858,0.8757824713002483,0.898340753622943,0.9721372564964015,0.8928015394471851,0.00044834129024360383,0.0005077756486833912,0.922044834459877,0.8757824713002483
modena,e0r0,0.0005,balanced,False,0.8761904683435114,0.7196111314657285,0.7518502495336216,0.7179888392078929,0.8909933324649911,0.7984443887372827,7.342774597426063e-05,0.00042551873799242043,0.7913268042031492,0.6934833306732093,0.01314322939885836,0.027180150857368888,0.04481894679944651,0.05431198171746622,0.01414036381588515,0.013871407716954894,1.2523535441295906e-05,7.220102649838058e-05,0.016221676326693437,0.04270646146736396,0.857039388634886,0.6668457184091592,0.7107692757920496,0.6190455380444616,0.8676636214880157,0.7888481780184989,5.734338653441471e-05,0.00031548792241531685,0.7752002377813837,0.6190455380444616,0.8946190736841072,0.7393817837980937,0.8215569923558496,0.782851984588445,0.9074545967833404,0.8202278900730309,9.231330211605168e-05,0.0004992524544357148,0.8171466010637848,0.733772773940102
modena,e0r1,0.0005,balanced,False,0.9520105315386238,0.9378996441871145,0.8227760616705432,0.8581775339156473,0.9649623852365817,0.8717491744406405,0.0005262727641985712,0.0005941817850565228,0.9071652313097022,0.8187222140331581,0.007699222320920067,0.012718155461182505,0.041663353363887545,0.02891728797699471,0.014250653016252463,0.016242716681941993,9.397734189004871e-05,0.00011547040589019911,0.012365976765259041,0.040713735066866236,0.944659688237356,0.9171688100870466,0.7774943785066112,0.8166279800078383,0.9415300173509659,0.848222378919818,0.00041875762535000216,0.00045246667639569976,0.8941932195152136,0.7774943785066112,0.9638603243013995,0.9554347092072101,0.8856072903650243,0.9059546735366757,0.9789470710299462,0.8933616767209305,0.0006896269186649915,0.0007690128574139254,0.9285482639699674,0.8856072903650243
modena,e1r0,0.0005,balanced,False,0.86471097083382,0.7150537660292771,0.740986528607111,0.7127797108116406,0.8872910615396533,0.7916329937015022,6.836269729013974e-05,0.0004333008427767891,0.7841644075643005,0.6863055363858587,0.0126181305485513,0.035665869507221636,0.05134611191595259,0.05645817997244604,0.014786859975846616,0.017886850021118526,1.6974574382029817e-05,0.00010471903488031576,0.02119711846772628,0.04504945188712774,0.8466555688777911,0.6529811540774122,0.6900664596703178,0.6161392075100895,0.8679085399384637,0.7748612370294916,5.256265811647428e-05,0.0002788032802740009,0.7597153886081984,0.6161392075100895,0.8817004755907121,0.7594545799749582,0.8194367440049511,0.7821379187356717,0.9085546406854214,0.8174918351207113,9.257559064757008e-05,0.0005331710464766336,0.8147961797282308,0.7401585543391501
modena,e1r1,0.0005,balanced,False,0.9513848224243971,0.9286499411589354,0.8225629057178928,0.8413716515210687,0.9653866638353682,0.8692937185006132,0.0005029396636594447,0.0005781291720973582,0.9018711969315324,0.812571251184949,0.009958233171402493,0.017784690647842466,0.043549824608609566,0.035744478897427955,0.011108061522713727,0.0126313205261058,6.805561231217222e-05,8.260545721515999e-05,0.013394105872023793,0.0445586770033391,0.9395659580462256,0.9039377328642928,0.7682800874690175,0.7838853350030425,0.944564809207566,0.8537518341856334,0.0004293208807642364,0.0004744569566918089,0.8909425582958214,0.7682800874690175,0.9645993539464376,0.9519727893100227,0.8858893236783881,0.8936093744961274,0.9757508027716343,0.8900964892421794,0.0005883523075039784,0.0006908421325508243,0.9275309395675873,0.8858893236783881
modena,e0r0,0.005,pooled,False,0.9142004122058855,0.6395208817686527,0.7934445133961882,0.7891538553934184,0.9282682219108166,0.8167708306300381,0.00017017737826928567,0.000744084189913424,0.8129175769349923,0.6395208817686527,0.011374557728445955,0.024647560548745177,0.04459485555588127,0.04555251177626434,0.015907861527929747,0.014618416884442835,1.7481020043733337e-05,0.00012495621117280896,0.01586024180832666,0.024647560548745177,0.8961855925157799,0.5905741863540029,0.7473579379516694,0.7125610454482265,0.9038482248626916,0.8031983005683087,0.00015165816701864942,0.0005696124434306143,0.8004139987234914,0.5905741863540029,0.9290420763792137,0.6551070752854318,0.8630901663457887,0.8482585663065917,0.9459030609365211,0.8358485829862593,0.00019231937940844098,0.000881500566202294,0.8390682924753907,0.6551070752854318
modena,e0r1,0.005,pooled,False,0.9437980220441428,0.9425303393112411,0.8150036004766754,0.8507243720449522,0.957710626036321,0.8751702513190911,0.0003801491773448399,0.00042158593810603435,0.9019533919826664,0.8092864478076343,0.00909085975113022,0.010821082102461226,0.041586747181991096,0.03471258772985103,0.014751640393338993,0.014621583220940836,6.735952173873277e-05,8.4882713286611e-05,0.012183810252205737,0.04126576327673562,0.9337516068074031,0.925603897078814,0.7717899093759054,0.7969317630478114,0.9329327536995998,0.8556056035072125,0.00031010699823216375,0.0003325196929623773,0.8916255588540197,0.7717899093759054,0.9571058516255927,0.9577843511054144,0.8775865469202525,0.9059438499674018,0.9729263724328945,0.8972531673587868,0.0004908565636702415,0.0005471950740417071,0.9239067083948526,0.8775865469202525
modena,e1r0,0.005,pooled,False,0.9038256782151274,0.6282425753800396,0.7873069993526317,0.7859555400836077,0.9278907107546349,0.8103539426497397,0.00017944583738581163,0.0008070253534236835,0.8066443007572083,0.6282425753800396,0.012478224158033551,0.03322152022853153,0.045564851899008704,0.050569864125910434,0.012135173114646725,0.018843271151988708,2.219962724477117e-05,0.00014717390598664775,0.01990020576788112,0.03322152022853153,0.8819776044868296,0.5667280173573283,0.7373651989036606,0.7025288865140421,0.9130138246989579,0.7907987062232976,0.00015165816701864942,0.0005949581961827963,0.7872659702218229,0.5667280173573283,0.9179342834864704,0.6661623788165544,0.8559251786972552,0.8576038289062424,0.9407879749404163,0.8342861436957554,0.00021498959480964618,0.0009795933619871065,0.8379057282589003,0.6661623788165544
modena,e1r1,0.005,pooled,False,0.94293686683677,0.9334522333451395,0.8143833484115007,0.8333907960149437,0.9572819269500058,0.8709289498584104,0.0003781904793457411,0.0004278933864513444,0.896289034311672,0.8035691864943181,0.009130044470578889,0.016449235417040006,0.04392122122790423,0.04160985062137891,0.01343061703527765,0.01197493296317548,5.062826482181952e-05,6.20872237801849e-05,0.013395234076556626,0.045502306549415075,0.9322082033928899,0.9131092644385997,0.7565790648117371,0.7710862094865961,0.9342086124813115,0.8580768670606869,0.00032067025364639805,0.00035650908964904174,0.8861443333179632,0.7565790648117371,0.9561800668364856,0.9548198426644858,0.8757824713002483,0.898340753622943,0.9721372564964015,0.8928015394471851,0.00044834129024360383,0.0005077756486833912,0.922044834459877,0.8757824713002483
modena,e0r0,0.005,balanced,False,0.8761904683435114,0.7196111314657285,0.7518502495336216,0.7179888392078929,0.8909933324649911,0.7984443887372827,7.342774597426063e-05,0.00042551873799242043,0.7913268042031492,0.6934833306732093,0.01314322939885836,0.027180150857368888,0.04481894679944651,0.05431198171746622,0.01414036381588515,0.013871407716954894,1.2523535441295906e-05,7.220102649838058e-05,0.016221676326693437,0.04270646146736396,0.857039388634886,0.6668457184091592,0.7107692757920496,0.6190455380444616,0.8676636214880157,0.7888481780184989,5.734338653441471e-05,0.00031548792241531685,0.7752002377813837,0.6190455380444616,0.8946190736841072,0.7393817837980937,0.8215569923558496,0.782851984588445,0.9074545967833404,0.8202278900730309,9.231330211605168e-05,0.0004992524544357148,0.8171466010637848,0.733772773940102
modena,e0r1,0.005,balanced,False,0.9584591605138698,0.9304672888544214,0.8307247863149801,0.8620828355246294,0.9699473198684091,0.8649055523134038,0.0007027376615851225,0.0007908954119984733,0.910336278215262,0.825296501546617,0.007673983747858776,0.013655533517048986,0.04220345109404805,0.028226679744935142,0.013550635013976065,0.01707169500591636,0.0001162482105758896,0.00013739554213791156,0.012353415697816816,0.040961852290411625,0.9526559716816477,0.911169439626358,0.783837807502367,0.8196517080321407,0.9458625077153124,0.8383221156423257,0.0005636251281737867,0.0006063986384684635,0.8971752603845534,0.783837807502367,0.9697981574602316,0.9522325633920433,0.892724522064491,0.9072647457265686,0.9824494345427487,0.8856738147213883,0.0009066052451096423,0.0010068656612708823,0.9315672110047247,0.892724522064491
modena,e1r0,0.005,balanced,False,0.86471097083382,0.7150537660292771,0.740986528607111,0.7127797108116406,0.8872910615396533,0.7916329937015022,6.836269729013974e-05,0.0004333008427767891,0.7841644075643005,0.6863055363858587,0.0126181305485513,0.035665869507221636,0.05134611191595259,0.05645817997244604,0.014786859975846616,0.017886850021118526,1.6974574382029817e-05,0.00010471903488031576,0.02119711846772628,0.04504945188712774,0.8466555688777911,0.6529811540774122,0.6900664596703178,0.6161392075100895,0.8679085399384637,0.7748612370294916,5.256265811647428e-05,0.0002788032802740009,0.7597153886081984,0.6161392075100895,0.8817004755907121,0.7594545799749582,0.8194367440049511,0.7821379187356717,0.9085546406854214,0.8174918351207113,9.257559064757008e-05,0.0005331710464766336,0.8147961797282308,0.7401585543391501
modena,e1r1,0.005,balanced,False,0.9575632584767658,0.9149481681002861,0.83218256436767,0.8466302305596337,0.9684577247674006,0.8501244266082666,0.0008884070011867768,0.0009964623342289462,0.9039563892543513,0.8217974600265304,0.009845102932155589,0.020565280706061034,0.041048109766674244,0.03349634692912661,0.012011086986128584,0.013903476239982563,0.00011871319205687401,0.00013245861465326693,0.01323747716534941,0.04178724425242915,0.9443329749024055,0.8852665852665852,0.7842284098963552,0.7925105183687728,0.9451947945661622,0.8292161058658364,0.0007258465506066704,0.0008016456726127053,0.8938535258449875,0.7842284098963552,0.9703239937007228,0.9428553675122379,0.8923624831977651,0.8942015189102146,0.9787856178741086,0.8692112411706114,0.0010211637321486014,0.0011658796144112075,0.9293576467606451,0.8909223209176608
ltown,e0r0,0.0005,pooled,True,0.9806029887947032,0.6800990255789756,0.8777598502669619,0.8920589139083357,0.9784296600665766,0.901092625202136,0.00017688248530542348,0.0002590319507707473,0.8817900877231106,0.6800990255789756,0.0026733838771432123,0.020486863308606006,0.03149727322461596,0.018002960034772583,0.004193917894238249,0.009484926778056792,1.1845683991171908e-05,2.4873091386298398e-05,0.008023907661458194,0.020486863308606006,0.9770323952582279,0.6519324316313568,0.822806268347847,0.8596461316120081,0.9732027023190092,0.8907407231185269,0.00016268111211249783,0.00022486732134718867,0.8719574778139206,0.6519324316313568,0.9838936961753979,0.7098001293056599,0.9087638805893187,0.9080952505113689,0.9831189409807023,0.9119515393871609,0.00018973928025918703,0.0002934190948829559,0.8921749330286053,0.7098001293056599
ltown,e0r1,0.0005,pooled,True,0.9940993354782499,0.6988890840953443,0.8903147667455892,0.903755289306076,0.9944886413738514,0.9151535394487863,0.00017933799113224809,0.00019469197489436755,0.896309423399822,0.6988890840953443,0.0024213928521414083,0.023874307342832683,0.03320191664549739,0.015455993353648634,0.0008816429070653663,0.009530324874728578,1.2872357575494953e-05,1.6323290136446704e-05,0.008327678379904661,0.023874307342832683,0.9899307299035511,0.6703498402704103,0.8323523344380915,0.8758652336476681,0.9933256302414102,0.9049353935316365,0.00016501981524989046,0.00017933919975890897,0.886347744096638,0.6703498402704103,0.9964650431368534,0.7384995631603211,0.9252363105388509,0.9204947657390888,0.9954924340985832,0.9268717160358504,0.00019502449697949867,0.0002238764590091214,0.9079979827435367,0.7384995631603211
ltown,e1r0,0.0005,pooled,True,0.9834290238623495,0.687782105782368,0.8859150406065194,0.901594170613618,0.9813585937751709,0.9016836256557065,0.00023384522319189755,0.0003307571715032954,0.8880157869280051,0.687782105782368,0.004384663113912387,0.019298480253598448,0.03091814114815549,0.016635961296950524,0.004053395685526881,0.009731566787070399,1.414984156517075e-05,1.7184061579437493e-05,0.007386693171819694,0.019298480253598448,0.9759495311563899,0.6590904133808517,0.8333486330855514,0.8713980224900499,0.9758165449550273,0.890178226397754,0.00021310429531213012,0.0003177724222532214,0.8787474226666534,0.6590904133808517,0.9889245771021904,0.717881335853838,0.9175258075155747,0.918880630843407,0.9865326653379761,0.9132744720930731,0.00025187409094053984,0.0003643479627011192,0.8968554906113813,0.717881335853838
ltown,e1r1,0.0005,pooled,True,0.9937812658715967,0.6876275628925005,0.8899792227293112,0.9028494617052677,0.9942428523977397,0.9128810614445748,0.00019138551285984313,0.00021507086365194937,0.893696073119283,0.6876275628925005,0.0016954284013626086,0.024974632606059515,0.03292442493201548,0.01688872058768477,0.0015051669146401673,0.010452977839287279,1.0688185393884021e-05,1.7173821860476165e-05,0.008835225982262848,0.024974632606059515,0.9911924682185265,0.6528305959899541,0.8338690310088435,0.8723389418026257,0.9918674949246794,0.9020659100857347,0.00017807345224712243,0.00019621002654035273,0.8843781766161207,0.6528305959899541,0.9960707452493014,0.726256081006969,0.9253272686979764,0.9210118268265525,0.996057176797228,0.9249630477007558,0.0002050664087480907,0.00024628720877577237,0.9062108976211691,0.726256081006969
ltown,e0r0,0.0005,balanced,False,0.9794783913108654,0.7248469435618016,0.8905783668267206,0.9214265652686824,0.9774191861345559,0.8918205375021085,0.00045863000362561973,0.0006251160788321452,0.8987498906205252,0.7248469435618016,0.0031092808750985963,0.014002299650430613,0.028339601160972627,0.012542102152088203,0.003457008233372757,0.009229866052374197,1.912061756161601e-05,3.352365819352927e-05,0.006028052793184496,0.014002299650430613,0.9759734440254965,0.7052993428407669,0.8430244871033324,0.8985607630406202,0.9708817298529532,0.8827437664453536,0.0004365448110876056,0.0005805413270546124,0.8924299376578758,0.7052993428407669,0.984719612180442,0.7418470789574899,0.917416098010317,0.9322668643058125,0.980702428018632,0.9028617868051093,0.0004796334173682792,0.0006769432661472918,0.9052843401554321,0.7418470789574899
ltown,e0r1,0.0005,balanced,False,0.9936342197646454,0.7380808735551786,0.89939260420456,0.9306842480846466,0.9938300268936485,0.9042749889608098,0.0004531566085554342,0.0005152031250650835,0.9111243945005357,0.7380808735551786,0.0018492518508338891,0.01758388473848606,0.03081180788019136,0.010006108869939575,0.0009776011136558612,0.009385917353041097,2.278278855190207e-05,2.0446685619659415e-05,0.006777016484557196,0.01758388473848606,0.9908520169458858,0.7105313705288352,0.8459065139476521,0.9134373544788925,0.992735850484316,0.8934563999788129,0.0004246821803515293,0.0004867117972838431,0.9037265220314126,0.7105313705288352,0.9956718456515975,0.7634738109396105,0.9299353221320225,0.9392335085400288,0.9951612887484836,0.915126105278841,0.0004780478523521857,0.0005468685020377609,0.9193251983112102,0.7634738109396105
ltown,e1r0,0.0005,balanced,False,0.9761881268011999,0.7077123085854594,0.8923341797060232,0.9210000129930617,0.9748648254863007,0.8894229128520772,0.00044906935208107666,0.0006550454872370062,0.8944198907144089,0.7077123085854594,0.0035721522209514597,0.013506050309319362,0.029071110325171026,0.013227761247428233,0.003320693635578028,0.010080409304273973,2.4602486528317423e-05,2.7738074523394828e-05,0.006068429552261245,0.013506050309319362,0.9693511850778441,0.6867490139806401,0.8428970676315576,0.8962603241524801,0.9705023915467269,0.8786952335386303,0.0004110816356643705,0.0006263005558590763,0.8873085526981471,0.6867490139806401,0.9789980328529279,0.727775122093732,0.920297782603933,0.9324573339673071,0.9793401106450047,0.8999154320795931,0.00047938998790123324,0.0007035127117469295,0.8999580734401421,0.727775122093732
ltown,e1r1,0.0005,balanced,False,0.9923518672708759,0.7292609348021669,0.8983655400575957,0.9275429841663136,0.9922323747547143,0.9014943005108923,0.0004616762525490909,0.0005365802003904523,0.9079507402103334,0.7292609348021669,0.001242316332950018,0.02059927593387647,0.029239878834573903,0.009116017500733061,0.0014762568606592856,0.01086618057130521,2.455026310596681e-05,1.9753184095576208e-05,0.007601945628943908,0.02059927593387647,0.9904288951406554,0.6976228479218537,0.848837796483998,0.9108059672338978,0.9907069125066273,0.8886126828172386,0.0004251470499253206,0.0005140360990695323,0.8984458022093431,0.6976228479218537,0.9937036405245414,0.7612540668575005,0.928624224283347,0.9367770877968008,0.9938331269520578,0.9132323406997065,0.0004914026854592081,0.0005586386959182641,0.9183229474831517,0.7612540668575005
ltown,e0r0,0.005,pooled,False,0.9806029887947032,0.6800990255789756,0.8777598502669619,0.8920589139083357,0.9784296600665766,0.901092625202136,0.00017688248530542348,0.0002590319507707473,0.8817900877231106,0.6800990255789756,0.0026733838771432123,0.020486863308606006,0.03149727322461596,0.018002960034772583,0.004193917894238249,0.009484926778056792,1.1845683991171908e-05,2.4873091386298398e-05,0.008023907661458194,0.020486863308606006,0.9770323952582279,0.6519324316313568,0.822806268347847,0.8596461316120081,0.9732027023190092,0.8907407231185269,0.00016268111211249783,0.00022486732134718867,0.8719574778139206,0.6519324316313568,0.9838936961753979,0.7098001293056599,0.9087638805893187,0.9080952505113689,0.9831189409807023,0.9119515393871609,0.00018973928025918703,0.0002934190948829559,0.8921749330286053,0.7098001293056599
ltown,e0r1,0.005,pooled,False,0.9940993354782499,0.6988890840953443,0.8903147667455892,0.903755289306076,0.9944886413738514,0.9151535394487863,0.00017933799113224809,0.00019469197489436755,0.896309423399822,0.6988890840953443,0.0024213928521414083,0.023874307342832683,0.03320191664549739,0.015455993353648634,0.0008816429070653663,0.009530324874728578,1.2872357575494953e-05,1.6323290136446704e-05,0.008327678379904661,0.023874307342832683,0.9899307299035511,0.6703498402704103,0.8323523344380915,0.8758652336476681,0.9933256302414102,0.9049353935316365,0.00016501981524989046,0.00017933919975890897,0.886347744096638,0.6703498402704103,0.9964650431368534,0.7384995631603211,0.9252363105388509,0.9204947657390888,0.9954924340985832,0.9268717160358504,0.00019502449697949867,0.0002238764590091214,0.9079979827435367,0.7384995631603211
ltown,e1r0,0.005,pooled,False,0.9834290238623495,0.687782105782368,0.8859150406065194,0.901594170613618,0.9813585937751709,0.9016836256557065,0.00023384522319189755,0.0003307571715032954,0.8880157869280051,0.687782105782368,0.004384663113912387,0.019298480253598448,0.03091814114815549,0.016635961296950524,0.004053395685526881,0.009731566787070399,1.414984156517075e-05,1.7184061579437493e-05,0.007386693171819694,0.019298480253598448,0.9759495311563899,0.6590904133808517,0.8333486330855514,0.8713980224900499,0.9758165449550273,0.890178226397754,0.00021310429531213012,0.0003177724222532214,0.8787474226666534,0.6590904133808517,0.9889245771021904,0.717881335853838,0.9175258075155747,0.918880630843407,0.9865326653379761,0.9132744720930731,0.00025187409094053984,0.0003643479627011192,0.8968554906113813,0.717881335853838
ltown,e1r1,0.005,pooled,False,0.9937812658715967,0.6876275628925005,0.8899792227293112,0.9028494617052677,0.9942428523977397,0.9128810614445748,0.00019138551285984313,0.00021507086365194937,0.893696073119283,0.6876275628925005,0.0016954284013626086,0.024974632606059515,0.03292442493201548,0.01688872058768477,0.0015051669146401673,0.010452977839287279,1.0688185393884021e-05,1.7173821860476165e-05,0.008835225982262848,0.024974632606059515,0.9911924682185265,0.6528305959899541,0.8338690310088435,0.8723389418026257,0.9918674949246794,0.9020659100857347,0.00017807345224712243,0.00019621002654035273,0.8843781766161207,0.6528305959899541,0.9960707452493014,0.726256081006969,0.9253272686979764,0.9210118268265525,0.996057176797228,0.9249630477007558,0.0002050664087480907,0.00024628720877577237,0.9062108976211691,0.726256081006969
ltown,e0r0,0.005,balanced,False,0.9781127954105644,0.7228470655576044,0.8924171146177113,0.9237648832098354,0.9765024551585038,0.8854645669409572,0.0005472617445624648,0.0007464273000459841,0.8987288627908439,0.7228470655576044,0.003298194024007721,0.013434212393881694,0.028212122180309936,0.011168107516857468,0.003310957715023062,0.009757049224400636,2.0743353881671035e-05,3.750897389982966e-05,0.0057879786758435765,0.013434212393881694,0.9740942873059137,0.7015515915751664,0.8449581746793687,0.9037265491922836,0.9704589048430635,0.8755019894575303,0.0005251972608003803,0.0006944771846334038,0.8933645581850063,0.7015515915751664,0.9838231888893315,0.7371638433118693,0.9187164065438954,0.9333062223253327,0.979692914451904,0.8966187296089233,0.0005723889708097481,0.0007984695999334609,0.9045050447669171,0.7371638433118693
ltown,e0r1,0.005,balanced,False,0.9934939815413663,0.7373390093809898,0.9006978772582875,0.9314294885845623,0.9934441636688568,0.9003989816653646,0.0005064344937007822,0.0005841976399083485,0.9112809040868125,0.7373390093809898,0.0018408452002808072,0.01726270804497215,0.0304121212445038,0.009413169898713724,0.000940963850323888,0.009811162145879094,2.6153948785397875e-05,2.0896375966226922e-05,0.006900171641250353,0.01726270804497215,0.9904095105024574,0.7090011426657705,0.848059077606667,0.9156034557919067,0.9919772402021474,0.888730643789671,0.0004742416154266922,0.0005576617126523805,0.9034847731505842,0.7090011426657705,0.995484477812841,0.7619585157382206,0.9313115243158577,0.9406739800759226,0.9946602294773829,0.9115368779010952,0.0005396206271438159,0.0006194146404576414,0.9195017042242913,0.7619585157382206
ltown,e1r0,0.005,balanced,False,0.9751074976169779,0.7075263274782349,0.8918608722502191,0.9215462990933662,0.9734436948080392,0.8864590766753299,0.00048222315466875783,0.0007045094717568996,0.8938969382493673,0.7075263274782349,0.00339413985254705,0.01366479208153188,0.028869863158284492,0.012811047579501932,0.003100809930084607,0.010337107095412782,2.638346926726899e-05,2.9887603692967595e-05,0.006336154319886355,0.01366479208153188,0.9688667956886099,0.685400524861889,0.8430795757856694,0.8975838690580037,0.9691197663723724,0.8754002508779336,0.0004416009307588848,0.0006727531063120927,0.8865867735829046,0.685400524861889,0.978538698199542,0.7264163492718007,0.9200958870094086,0.9331187412776413,0.9774885716525566,0.8973348798494079,0.0005110038141303957,0.0007554964096592641,0.9000679312368988,0.7264163492718007
ltown,e1r1,0.005,balanced,False,0.9918980543373621,0.7302816710230422,0.8987288060245334,0.9281722807432917,0.9918150359891612,0.896145246604326,0.000534569030822008,0.0006268792363007922,0.908179169623478,0.7302816710230422,0.0012698950887375638,0.019296340507559132,0.028663018384414318,0.008119161387009863,0.001342825835720083,0.011215594924294095,2.6027433330370406e-05,1.8821429089582244e-05,0.007264162558316676,0.019296340507559132,0.989810559029283,0.6980284940787468,0.8502108383262624,0.9131171456665889,0.9902857681788187,0.8824476631477962,0.0004989241285016247,0.0006044491061483388,0.8985539356959827,0.6980284940787468,0.9932838720175149,0.7562775939164462,0.9287684853190048,0.9359344806104412,0.9932592097739935,0.908109452932786,0.0005673061467621001,0.0006478175778969448,0.9174176339776045,0.7562775939164462
