network,effect,calibration_cap_rate,objective,primary,mean_random,mean_replay,mean_drift,mean_noise,mean_targeted,mean_pooled_f1,mean_clean_fpr,mean_all_negative_fpr,mean_family_macro_f1,mean_worst_family_f1,source_sd_random,source_sd_replay,source_sd_drift,source_sd_noise,source_sd_targeted,source_sd_pooled_f1,source_sd_clean_fpr,source_sd_all_negative_fpr,source_sd_family_macro_f1,source_sd_worst_family_f1,source_minimum_random,source_minimum_replay,source_minimum_drift,source_minimum_noise,source_minimum_targeted,source_minimum_pooled_f1,source_minimum_clean_fpr,source_minimum_all_negative_fpr,source_minimum_family_macro_f1,source_minimum_worst_family_f1,source_maximum_random,source_maximum_replay,source_maximum_drift,source_maximum_noise,source_maximum_targeted,source_maximum_pooled_f1,source_maximum_clean_fpr,source_maximum_all_negative_fpr,source_maximum_family_macro_f1,source_maximum_worst_family_f1
modena,exclusion_when_irls_on,0.0005,pooled,True,-0.0008611552073726586,-0.009078105966101658,-0.0006202520651746252,-0.017333576030008523,-0.0004286990863149628,-0.00424130146068058,-1.9586979990988246e-06,6.307448345310021e-06,-0.005664357670994466,-0.005717261313316284,0.005236235777034798,0.01125477863597854,0.007700438273928922,0.009395169366416925,0.0032360681556036427,0.004632561316975715,5.098252734758335e-05,5.8803821512663295e-05,0.00336468192405656,0.01223296979989539,-0.009049739678030208,-0.025026233593591168,-0.01521084456416836,-0.026948212356266876,-0.0042942215314522025,-0.009900307021969942,-6.827989293712791e-05,-6.342479188322897e-05,-0.011406626334604023,-0.02584555356121517,0.0036030106453391886,-0.0010599216066735269,0.006161192329588412,-0.007603096344458919,0.0050272005350327316,0.0024712635534744156,6.170398996281764e-05,0.00010205000450220612,-0.0018618739349754998,0.006161192329588412
modena,exclusion_when_irls_off,0.0005,pooled,True,-0.010374733990758198,-0.011278306388613274,-0.006137514043556484,-0.0031983153098106656,-0.00037751115618152764,-0.0064168879802982874,9.268459116525957e-06,6.294116351025947e-05,-0.006273276177784035,-0.011278306388613274,0.003353410428710244,0.014837381912137657,0.003577490747965375,0.010914846473997784,0.010133833492282803,0.006214809666678815,1.0389629098443827e-05,3.0428349915503163e-05,0.006596888833016492,0.014837381912137657,-0.014207988028950255,-0.027704193941922212,-0.009992739048008977,-0.012626307427647143,-0.011262829530280497,-0.013690243710154112,-2.307832552901289e-06,2.5345752752181882e-05,-0.01335551834256891,-0.027704193941922212,-0.0049305422456024095,0.011055303531122607,-0.0018668382572334015,0.011425081234863596,0.01603342707270176,0.0011641783831321713,2.5247888358428195e-05,9.947677884843276e-05,0.0014253136798060284,0.011055303531122607
modena,irls_when_exclusion_on,0.0005,pooled,True,0.03911118862164285,0.3052096579650999,0.02707634905886909,0.04743525593133604,0.029391216195370832,0.06057500720867064,0.0001987446419599295,-0.00037913196697233917,0.08964473355446377,0.1753266111142785,0.014359607094450801,0.029914847846099983,0.009205123214984559,0.011047393409201314,0.01070719634808844,0.015049517809818818,4.260183409573766e-05,0.00018269736352686375,0.00994990830775921,0.048317856728342,0.014273919906419538,0.255686459422172,0.019213865908076572,0.03806655170973879,0.014326960545918052,0.03911751121582174,0.0001492398384209502,-0.0006152486919292317,0.07555248184863254,0.1316641490835834,0.05697975023646662,0.34638124708127144,0.04405956165203558,0.06855732297255408,0.04191904356720159,0.07498110824595834,0.0002488422764819771,-0.00015140752301961294,0.10266294982173985,0.2393117872036297
modena,irls_when_exclusion_off,0.0005,pooled,True,0.029597609838257308,0.3030094575425883,0.021559087080487233,0.06157051665153388,0.02944240412550427,0.05839942068905293,0.00020997179907555427,-0.0003224982518073897,0.0890358150476742,0.1697655660389815,0.010821072916084225,0.024899780320730997,0.007590596004207314,0.01580060830661725,0.004212988678337316,0.01101968047588896,6.877309702661951e-05,0.00014886541365653451,0.007623914469692543,0.04714336197730804,0.01221586669170649,0.27298478740873816,0.014496380574463785,0.043337519160919026,0.024356251572359877,0.04512173528353477,0.00014770128338568265,-0.0005038099375342407,0.08101891082229555,0.11917079970582956,0.042855772026475204,0.34756131167818777,0.032220154621513585,0.08437071759958488,0.03678706611307899,0.0696070298981613,0.00033305414443776817,-8.4183857544878e-05,0.10092154765467516,0.23862647394100867
modena,interaction,0.0005,pooled,True,0.00951357878338554,0.0022002004225116167,0.005517261978381858,-0.014135260720197856,-5.1187930133435255e-05,0.002175586519617708,-1.1227157115624779e-05,-5.663371516494944e-05,0.0006089185067895686,0.005561045075296989,0.006332935268194243,0.02002208823615193,0.006265253149328303,0.01334548754945067,0.009448928289238037,0.006464345091901705,5.30911276006146e-05,8.344664975144899e-05,0.005184724312826034,0.013580488999891201,0.002058053214713048,-0.033087310182752905,-0.005218105516159384,-0.036228016887470425,-0.014757568290990175,-0.0060042240677130225,-8.421186795579106e-05,-0.00016290157073166168,-0.005466428973663007,-0.01052941383653383,0.01594363256105839,0.025533483217486202,0.011839407030521998,0.003331871373525123,0.009760866739994914,0.012419777686478542,5.637154638578403e-05,7.670425175002423e-05,0.007873514002845713,0.025715992837987606
modena,exclusion_main_effect,0.0005,pooled,True,-0.005617944599065429,-0.010178206177357466,-0.0033788830543655547,-0.010265945669909595,-0.0004031051212482454,-0.005329094720489434,3.654880558713566e-06,3.462430592778474e-05,-0.00596881692438925,-0.00849778385096478,0.003050450135677732,0.008554996653517225,0.005121937677763328,0.007692595856027062,0.005853443236653244,0.0044266581534486826,2.5473796071629598e-05,2.1237963952589266e-05,0.004549689199563303,0.011780887305158713,-0.010078766285386731,-0.024436201295132964,-0.012601791806088669,-0.01978725989195701,-0.006860210258513503,-0.011323302322919468,-2.617395895923237e-05,3.340629267653904e-06,-0.012277327418136363,-0.022534282504833154,-0.001252818627787237,-0.0018523218309878613,0.0019349070918325644,0.0008710831275959285,0.008654642927206671,0.0018177209683032935,3.351821676992563e-05,6.3697878627194e-05,-0.0007933788357374905,0.005790596612855692
modena,irls_main_effect,0.0005,pooled,True,0.03435439922995008,0.30410955775384413,0.024317718069678158,0.05450288629143496,0.029416810160437554,0.059487213948861785,0.00020435822051774187,-0.0003508151093898644,0.08934027430106899,0.17254608857662998,0.012313425607982618,0.025636450349140097,0.007833413770175542,0.011888084476284127,0.006623903846401132,0.012787248831651502,5.067208910239052e-05,0.00016133438310761232,0.008475967911513073,0.047248793723258124,0.013244893299063013,0.27223011451354845,0.01717683658872852,0.04441584587195777,0.021705744691413138,0.04211962324967825,0.00014847056090331644,-0.0005595293147317362,0.07828569633546405,0.1254174743947065,0.049917761131470915,0.34697127937972966,0.03813985813677458,0.07646402028606948,0.03935305484014029,0.07229406907205982,0.0002909482104598727,-0.00012694391217084777,0.10179224873820751,0.23896913057231917
modena,exclusion_when_irls_on,0.0005,balanced,False,-0.0006257091142264298,-0.009249703028179013,-0.00021315595265057144,-0.016805882394578548,0.0004242785987863229,-0.0024554559400271994,-2.3333100539126546e-05,-1.6052612959164516e-05,-0.005294034378169678,-0.0061509628482090345,0.0059601160183315235,0.013430321806166422,0.004588070577943681,0.010894332356525064,0.004469131840713007,0.005240021226940766,5.957412481091591e-05,6.729966362619959e-05,0.003515199999003021,0.013727932986136436,-0.007705603757037475,-0.028072178089961947,-0.00921429103759371,-0.0327426450047957,-0.005328506337873333,-0.008866456889635313,-0.00011152382513064222,-9.413574374247664e-05,-0.010695790759856383,-0.0327426450047957,0.0061978919543640805,0.003110323946802921,0.0033067177378494814,-0.0007837941817302463,0.007225088088791705,0.005529455265815312,3.6565327385373415e-05,8.337418668480893e-05,-0.0010173244023800043,0.0033067177378494814
modena,exclusion_when_irls_off,0.0005,balanced,False,-0.011479497509691412,-0.004557365436451491,-0.010863720926510431,-0.00520912839625223,-0.003702270925337894,-0.006811395035780494,-5.065048684120882e-06,7.782104784368773e-06,-0.007162396638848687,-0.0071777942873506645,0.001020518851591559,0.020170402099876267,0.006887518888760905,0.009237965869456025,0.012906591439309695,0.005954737146672473,1.006477576207451e-05,3.903962864007497e-05,0.006666781592532212,0.010610970107613894,-0.012918598093395092,-0.0326357912507614,-0.02070281612173182,-0.022977040241727347,-0.02052055116462929,-0.01464365260056133,-1.7449305972821564e-05,-3.668464214131591e-05,-0.01548484917318523,-0.02070281612173182,-0.010383819757094903,0.02568180603485622,-0.0021202483508983017,0.0027199617294110245,0.01620260017635211,-6.176382531930535e-05,1.2241400416207617e-05,5.6748498000783785e-05,0.0005179798153881107,0.006385780399047951
modena,irls_when_exclusion_on,0.0005,balanced,False,0.08667385159057722,0.21359617512965845,0.08157637711078168,0.12859194070942812,0.07809560229571483,0.07766072479911107,0.00043457696636930494,0.00014482832932056903,0.11770678936723206,0.12626571479909035,0.0157650897350536,0.031027652671567096,0.012492557160868568,0.023717177677441845,0.015040185957483474,0.015306131816608648,6.64755940399457e-05,0.00016068192371365085,0.013320221340763652,0.040804467071944864,0.057865482455513595,0.1577308869337344,0.06645257967343694,0.11147145576045554,0.0606985875431982,0.059381111178245884,0.00035617549066443267,-3.203030066442856e-05,0.09911080237258703,0.07821362779869967,0.10045876361775492,0.25095657878688055,0.10349104373513114,0.167746127492953,0.09884200018560074,0.09741245015114437,0.0005212031827534094,0.00036212421261368156,0.13640838298317282,0.16807783803527976
modena,irls_when_exclusion_off,0.0005,balanced,False,0.07582006319511224,0.21828851272138594,0.07092581213692183,0.1401886947077544,0.07396905277159062,0.07330478570335777,0.0004528450182243106,0.0001686630470641023,0.11583842710655305,0.1252388833599487,0.01369591570599378,0.027183134246277735,0.008438789955525978,0.029897131695170016,0.004168573769526337,0.012628175289600722,9.067587043484826e-05,0.00013971007785078954,0.010461425257919883,0.052921830997907954,0.05265248811915598,0.1814493210710202,0.06405029800917487,0.1132653696826809,0.06852481639349883,0.058578866582721635,0.0003614142388155875,1.2661070473517377e-05,0.10469511858924418,0.06672510271456156,0.09054332523135278,0.2651641925450955,0.08664192265630781,0.1975824419633766,0.08007832016767095,0.09163525444021836,0.0006152777019112301,0.00040622051894671296,0.13161932456984396,0.1975824419633766
modena,interaction,0.0005,balanced,False,0.010853788395464982,-0.004692337591727522,0.01065056497385986,-0.011596753998326319,0.004126549524124217,0.004355939095753295,-1.826805185500566e-05,-2.3834717743533294e-05,0.0018683622606790091,0.0010268314391416295,0.0061378246762270605,0.028475997800210193,0.005524702099839538,0.012656124695913547,0.012622170160191563,0.006147095949682252,5.433694120827166e-05,9.304839878375472e-05,0.006044086330729984,0.017772863919627457,0.004214543190966924,-0.04999448625811339,0.0024022816642620772,-0.029836314470423602,-0.013167808319752061,-0.0050104893803626,-9.407451915782066e-05,-0.00015088424174326045,-0.008069353359005493,-0.029836314470423602,0.01800588313721992,0.03574611519756432,0.016849121078823342,0.005266681686474151,0.021471861818478415,0.011966230778186112,4.646843688557872e-05,0.00012005882882612485,0.009411566352024633,0.017367191139586402
modena,exclusion_main_effect,0.0005,balanced,False,-0.006052603311958921,-0.006903534232315252,-0.005538438439580503,-0.011007505395415389,-0.0016389961632757855,-0.004633425487903847,-1.4199074611623714e-05,-4.13525408739787e-06,-0.006228215508509181,-0.0066643785677798495,0.0029772466979052013,0.009533557555527067,0.005158834239692386,0.007872031019387785,0.0073107336230545964,0.0046916586958905505,3.297062683808001e-05,2.9362689509343736e-05,0.004389596681294231,0.008459062736016642,-0.010312100925216283,-0.020968371210854486,-0.014958553579662767,-0.020343699398490272,-0.009784620255390083,-0.011755054745098322,-6.448656555173189e-05,-5.612257169658533e-05,-0.013090319966520806,-0.017824487769583897,-0.0028050496142458803,0.0015005672188469672,-0.0009191075187672629,-0.000736274405653529,0.00961869601647608,0.0027338457202480035,2.2570082017382803e-05,2.334477227174651e-05,-0.0016838728689670401,0.0033928195080745924
modena,irls_main_effect,0.0005,balanced,False,0.08124695739284474,0.21594234392552222,0.07625109462385174,0.13439031770859125,0.07603232753365273,0.07548275525123442,0.0004437109922968078,0.00015674568819233568,0.11677260823689255,0.12575229907951951,0.014444371144185002,0.025457776733247693,0.010296018494667466,0.02623217732501849,0.009053303571935801,0.01369041796339655,7.471568273175811e-05,0.0001431931985173927,0.011588878832900986,0.04641006024152396,0.055258985287334784,0.18272813006279112,0.06525143884130591,0.11321784990660418,0.06728249170307422,0.061374476128288946,0.0003689594212543262,1.1010415853397309e-05,0.10314547905208978,0.07246936525663061,0.09265059682683624,0.25806038566598805,0.09506648319571948,0.1826642847281648,0.08810606927636154,0.09452385229568137,0.0005682404423323198,0.00038417236578019726,0.1340138537765084,0.1826642847281648
modena,exclusion_when_irls_on,0.005,pooled,False,-0.0008611552073726586,-0.009078105966101658,-0.0006202520651746252,-0.017333576030008523,-0.0004286990863149628,-0.00424130146068058,-1.9586979990988246e-06,6.307448345310021e-06,-0.005664357670994466,-0.005717261313316284,0.005236235777034798,0.01125477863597854,0.007700438273928922,0.009395169366416925,0.0032360681556036427,0.004632561316975715,5.098252734758335e-05,5.8803821512663295e-05,0.00336468192405656,0.01223296979989539,-0.009049739678030208,-0.025026233593591168,-0.01521084456416836,-0.026948212356266876,-0.0042942215314522025,-0.009900307021969942,-6.827989293712791e-05,-6.342479188322897e-05,-0.011406626334604023,-0.02584555356121517,0.0036030106453391886,-0.0010599216066735269,0.006161192329588412,-0.007603096344458919,0.0050272005350327316,0.0024712635534744156,6.170398996281764e-05,0.00010205000450220612,-0.0018618739349754998,0.006161192329588412
modena,exclusion_when_irls_off,0.005,pooled,False,-0.010374733990758198,-0.011278306388613274,-0.006137514043556484,-0.0031983153098106656,-0.00037751115618152764,-0.0064168879802982874,9.268459116525957e-06,6.294116351025947e-05,-0.006273276177784035,-0.011278306388613274,0.003353410428710244,0.014837381912137657,0.003577490747965375,0.010914846473997784,0.010133833492282803,0.006214809666678815,1.0389629098443827e-05,3.0428349915503163e-05,0.006596888833016492,0.014837381912137657,-0.014207988028950255,-0.027704193941922212,-0.009992739048008977,-0.012626307427647143,-0.011262829530280497,-0.013690243710154112,-2.307832552901289e-06,2.5345752752181882e-05,-0.01335551834256891,-0.027704193941922212,-0.0049305422456024095,0.011055303531122607,-0.0018668382572334015,0.011425081234863596,0.01603342707270176,0.0011641783831321713,2.5247888358428195e-05,9.947677884843276e-05,0.0014253136798060284,0.011055303531122607
modena,irls_when_exclusion_on,0.005,pooled,False,0.03911118862164285,0.3052096579650999,0.02707634905886909,0.04743525593133604,0.029391216195370832,0.06057500720867064,0.0001987446419599295,-0.00037913196697233917,0.08964473355446377,0.1753266111142785,0.014359607094450801,0.029914847846099983,0.009205123214984559,0.011047393409201314,0.01070719634808844,0.015049517809818818,4.260183409573766e-05,0.00018269736352686375,0.00994990830775921,0.048317856728342,0.014273919906419538,0.255686459422172,0.019213865908076572,0.03806655170973879,0.014326960545918052,0.03911751121582174,0.0001492398384209502,-0.0006152486919292317,0.07555248184863254,0.1316641490835834,0.05697975023646662,0.34638124708127144,0.04405956165203558,0.06855732297255408,0.04191904356720159,0.07498110824595834,0.0002488422764819771,-0.00015140752301961294,0.10266294982173985,0.2393117872036297
modena,irls_when_exclusion_off,0.005,pooled,False,0.029597609838257308,0.3030094575425883,0.021559087080487233,0.06157051665153388,0.02944240412550427,0.05839942068905293,0.00020997179907555427,-0.0003224982518073897,0.0890358150476742,0.1697655660389815,0.010821072916084225,0.024899780320730997,0.007590596004207314,0.01580060830661725,0.004212988678337316,0.01101968047588896,6.877309702661951e-05,0.00014886541365653451,0.007623914469692543,0.04714336197730804,0.01221586669170649,0.27298478740873816,0.014496380574463785,0.043337519160919026,0.024356251572359877,0.04512173528353477,0.00014770128338568265,-0.0005038099375342407,0.08101891082229555,0.11917079970582956,0.042855772026475204,0.34756131167818777,0.032220154621513585,0.08437071759958488,0.03678706611307899,0.0696070298981613,0.00033305414443776817,-8.4183857544878e-05,0.10092154765467516,0.23862647394100867
modena,interaction,0.005,pooled,False,0.00951357878338554,0.0022002004225116167,0.005517261978381858,-0.014135260720197856,-5.1187930133435255e-05,0.002175586519617708,-1.1227157115624779e-05,-5.663371516494944e-05,0.0006089185067895686,0.005561045075296989,0.006332935268194243,0.02002208823615193,0.006265253149328303,0.01334548754945067,0.009448928289238037,0.006464345091901705,5.30911276006146e-05,8.344664975144899e-05,0.005184724312826034,0.013580488999891201,0.002058053214713048,-0.033087310182752905,-0.005218105516159384,-0.036228016887470425,-0.014757568290990175,-0.0060042240677130225,-8.421186795579106e-05,-0.00016290157073166168,-0.005466428973663007,-0.01052941383653383,0.01594363256105839,0.025533483217486202,0.011839407030521998,0.003331871373525123,0.009760866739994914,0.012419777686478542,5.637154638578403e-05,7.670425175002423e-05,0.007873514002845713,0.025715992837987606
modena,exclusion_main_effect,0.005,pooled,False,-0.005617944599065429,-0.010178206177357466,-0.0033788830543655547,-0.010265945669909595,-0.0004031051212482454,-0.005329094720489434,3.654880558713566e-06,3.462430592778474e-05,-0.00596881692438925,-0.00849778385096478,0.003050450135677732,0.008554996653517225,0.005121937677763328,0.007692595856027062,0.005853443236653244,0.0044266581534486826,2.5473796071629598e-05,2.1237963952589266e-05,0.004549689199563303,0.011780887305158713,-0.010078766285386731,-0.024436201295132964,-0.012601791806088669,-0.01978725989195701,-0.006860210258513503,-0.011323302322919468,-2.617395895923237e-05,3.340629267653904e-06,-0.012277327418136363,-0.022534282504833154,-0.001252818627787237,-0.0018523218309878613,0.0019349070918325644,0.0008710831275959285,0.008654642927206671,0.0018177209683032935,3.351821676992563e-05,6.3697878627194e-05,-0.0007933788357374905,0.005790596612855692
modena,irls_main_effect,0.005,pooled,False,0.03435439922995008,0.30410955775384413,0.024317718069678158,0.05450288629143496,0.029416810160437554,0.059487213948861785,0.00020435822051774187,-0.0003508151093898644,0.08934027430106899,0.17254608857662998,0.012313425607982618,0.025636450349140097,0.007833413770175542,0.011888084476284127,0.006623903846401132,0.012787248831651502,5.067208910239052e-05,0.00016133438310761232,0.008475967911513073,0.047248793723258124,0.013244893299063013,0.27223011451354845,0.01717683658872852,0.04441584587195777,0.021705744691413138,0.04211962324967825,0.00014847056090331644,-0.0005595293147317362,0.07828569633546405,0.1254174743947065,0.049917761131470915,0.34697127937972966,0.03813985813677458,0.07646402028606948,0.03935305484014029,0.07229406907205982,0.0002909482104598727,-0.00012694391217084777,0.10179224873820751,0.23896913057231917
modena,exclusion_when_irls_on,0.005,balanced,False,-0.0008959020371040216,-0.015519120754135196,0.0014577780526897437,-0.015452604964995578,-0.001489595101008576,-0.014781125705137234,0.0001856693396016543,0.0002055669222304728,-0.006379888960910733,-0.0034990415200866153,0.0055370631627076825,0.0140439739151059,0.0021921972131777935,0.009396125941059897,0.0040898136942682265,0.004366209158765137,6.524717549691279e-05,6.873932341918166e-05,0.0040723900481631015,0.011846822661790294,-0.008322996779242272,-0.03771942857255065,-0.00036203886672595925,-0.02714118966336787,-0.007616150003452504,-0.019860761369344598,0.00011455848703895892,0.00013285824826065858,-0.012697343576423973,-0.02714118966336787,0.006127061821346998,-0.0019291974959836737,0.005787218413468039,-0.0012489624883764334,0.0038767462139610576,-0.009106009776489307,0.00026931080915656747,0.0003201568768696662,-0.002103658378463491,0.005787218413468039
modena,exclusion_when_irls_off,0.005,balanced,False,-0.011479497509691412,-0.004557365436451491,-0.010863720926510431,-0.00520912839625223,-0.003702270925337894,-0.006811395035780494,-5.065048684120882e-06,7.782104784368773e-06,-0.007162396638848687,-0.0071777942873506645,0.001020518851591559,0.020170402099876267,0.006887518888760905,0.009237965869456025,0.012906591439309695,0.005954737146672473,1.006477576207451e-05,3.903962864007497e-05,0.006666781592532212,0.010610970107613894,-0.012918598093395092,-0.0326357912507614,-0.02070281612173182,-0.022977040241727347,-0.02052055116462929,-0.01464365260056133,-1.7449305972821564e-05,-3.668464214131591e-05,-0.01548484917318523,-0.02070281612173182,-0.010383819757094903,0.02568180603485622,-0.0021202483508983017,0.0027199617294110245,0.01620260017635211,-6.176382531930535e-05,1.2241400416207617e-05,5.6748498000783785e-05,0.0005179798153881107,0.006385780399047951
modena,irls_when_exclusion_on,0.005,balanced,False,0.09285228764294584,0.19989440207100917,0.09119603576055874,0.13385051974799309,0.08116666322774715,0.05849143290676446,0.0008200443038966369,0.0005631614914521568,0.11979198169005079,0.13549192364067178,0.016498215193903144,0.03142104331789748,0.013314905969198225,0.026059136601643204,0.01491779163348739,0.01822040128923549,0.0001163081057007574,0.00020357919635346908,0.013524190308681116,0.03871791095908398,0.06263249931169342,0.14162885666079203,0.07292573919281391,0.11206360017454282,0.06132857290179431,0.03946911416201304,0.0006730302735354989,0.0003478462519566352,0.10044175122140105,0.09416195022603742,0.10618340337204013,0.23228543118917303,0.11320648328149303,0.1763713108586833,0.10126917270089053,0.08143487316213675,0.0009642638213676613,0.0008371616944740646,0.13734712691911122,0.1763713108586833
modena,irls_when_exclusion_off,0.005,balanced,False,0.08226869217035844,0.21085615738869287,0.07887453678135857,0.14409399631673647,0.07895398740341784,0.0664611635761212,0.0006293099156108619,0.0003653766740060529,0.11900947401211286,0.13181317087340771,0.013777073064734646,0.0268049653334074,0.009215300417081768,0.029530728308048232,0.004120694884590186,0.014146986858551444,0.00011288373401099792,0.00016354454407143502,0.01088929639607117,0.05233488121670069,0.0580368979975406,0.17544995061033145,0.07116752970864156,0.11925480742204686,0.0735290056151549,0.04867860330522933,0.0005062817416393719,0.00016659303254628116,0.10767715945858403,0.0730685317103174,0.09561766979081625,0.2561402954299767,0.09632162001681539,0.20060616998767908,0.08338039589163804,0.0858260402634915,0.000832256028355881,0.0006440733228036699,0.13455962132234997,0.20060616998767908
modena,interaction,0.005,balanced,False,0.010583595472587392,-0.010961755317683704,0.012321498979200174,-0.010243476568743347,0.002212675824329318,-0.007969730669356738,0.0001907343882857752,0.000197784817446104,0.0007825076779379528,0.003678752767264051,0.005622635326318048,0.028283178155231004,0.007703575670529217,0.011824180942464632,0.012110633687083733,0.0068602154234542944,5.971602098875442e-05,9.76016420073243e-05,0.0066689756966451744,0.017981095777145135,0.00459560131415282,-0.05340750580040395,0.0017582094841723424,-0.024234859128995773,-0.01687031332550241,-0.017846981315668125,0.00013200779301178047,7.610975025987479e-05,-0.00914888317836171,-0.024234859128995773,0.01793505300420284,0.030706593754777727,0.021093418515720035,0.00792163144492893,0.017888776809252493,8.742195549541847e-05,0.0002750017330441626,0.000356841519010982,0.010558569192953282,0.021093418515720035
modena,exclusion_main_effect,0.005,balanced,False,-0.006187699773397716,-0.010038243095293343,-0.004702971436910344,-0.010330866680623904,-0.0025959330131732346,-0.010796260370458865,9.030214545876671e-05,0.00010667451350742079,-0.006771142799879709,-0.00533841790371864,0.0028189992185071937,0.010102208692127676,0.003359397714525471,0.007201443210406551,0.0074152867268812515,0.003936457739894174,3.5885178278093466e-05,2.7259373866790023e-05,0.004404129828109193,0.006755737973424903,-0.010620797436318682,-0.02579199645214884,-0.010156106863871806,-0.01901622451926288,-0.011576162760003042,-0.016839236151238706,4.855459053306867e-05,6.246976730512773e-05,-0.014091096374804601,-0.015023760098869984,-0.002840464680754421,-0.0010219468653457537,-0.0012411436088121304,-0.0009688585589766227,0.007767443513600906,-0.004583886800904306,0.00014077610478638756,0.00014173611736417515,-0.0022799927898168315,0.0035294049052975174
modena,irls_main_effect,0.005,balanced,False,0.08756048990665215,0.20537527972985103,0.08503528627095865,0.13897225803236476,0.0800603253155825,0.062476298241442824,0.0007246771097537495,0.0004642690827291049,0.11940072785108181,0.13365254725703973,0.014936395696569398,0.025552094301936334,0.010782762718567842,0.02721430586425815,0.009115561129208407,0.015946613786141265,0.00011065105348481687,0.00017808462429726347,0.011816151680764992,0.04514618764817409,0.06033469865461701,0.16833260956099397,0.07204663445072773,0.11823818065633318,0.06976372956454552,0.04415648032964433,0.0005896560075874354,0.00025721964225145817,0.1050161928105819,0.0836152409681774,0.09877612085271094,0.24421286330957484,0.10476405164915421,0.1884887404231812,0.09232478429626428,0.08363045671281412,0.0008982599248617711,0.0007406175086388673,0.13595337412073058,0.1884887404231812
ltown,exclusion_when_irls_on,0.0005,pooled,True,-0.0003180696066532472,-0.011261521202843947,-0.0003355440162779197,-0.0009058276008083116,-0.00024578897611174686,-0.00227247800421148,1.2047521727595075e-05,2.037888875758184e-05,-0.0026133502805390507,-0.011261521202843947,0.0009813283470308952,0.003625582213630879,0.0013675821182225338,0.002396358823439049,0.0012029026404459426,0.0011147863755915826,4.59012112500231e-06,5.273941509756374e-06,0.0010352869239249804,0.003625582213630879,-0.001189249464461158,-0.01751924428045622,-0.0023086334160917024,-0.004036793768504299,-0.0014581353167307427,-0.003740732889238855,7.514761972505822e-06,1.4555415238272151e-05,-0.00439201825253092,-0.01751924428045622,0.0012617383149754469,-0.00685368554924944,0.0015166965707519668,0.002001058473367993,0.0016255409638817146,-0.0009556314651834411,1.9243823194079223e-05,2.7724004760211625e-05,-0.001787085122367656,-0.00685368554924944
ltown,exclusion_when_irls_off,0.0005,pooled,True,0.0028260350676463683,0.007683080203392332,0.008155190339557665,0.00953525670528209,0.002928933708594317,0.0005910004535704794,5.696273788647404e-05,7.172522073254804e-05,0.0062256992048945565,0.007683080203392332,0.002860703062907208,0.004221864525623243,0.0023273080817148256,0.002440754885314168,0.0013774989640394336,0.001993377840996435,7.972313114723418e-06,1.57570684022375e-05,0.0016033259150850681,0.004221864525623243,-0.0010828641018379253,0.00021806165881036824,0.005230115751087301,0.005616673736715557,0.0008567101368481822,-0.0018211280972723436,5.008666310787744e-05,4.465558282708247e-05,0.004495813542694682,0.00021806165881036824,0.006067143615132016,0.012331220608042148,0.010542364737704424,0.011978263690774408,0.005106675084501577,0.003662571207975085,6.847936171056297e-05,9.290510090603272e-05,0.008789896300897326,0.012331220608042148
ltown,irls_when_exclusion_on,0.0005,pooled,True,0.010352242009247132,-0.0001545428898675607,0.004064182122791693,0.0012552910916498032,0.012884258622568786,0.011197435788868367,-4.2459710332054395e-05,-0.00011568630785134597,0.005680286191277948,-0.0001545428898675607,0.002739123183854809,0.007011881789359595,0.0028062612622053703,0.0010709688469584195,0.0036953054262841675,0.0012673386585091927,9.349502819113037e-06,8.978966270869167e-06,0.0019950390131703013,0.007011881789359595,0.007146168147110925,-0.009601949963843634,0.0005203979232920227,-0.0006135844659151587,0.007621804189849812,0.009628637594441214,-5.2518006725394155e-05,-0.0001274106570343285,0.003533031574471527,-0.009601949963843634,0.015242937062136567,0.008374745153131006,0.00780146118240177,0.0022786332151990183,0.01743962908706657,0.013066460691821158,-3.2160909995584464e-05,-0.00010142582999367416,0.0093554070097878,0.008374745153131006
ltown,irls_when_exclusion_off,0.0005,pooled,True,0.013496346683546748,0.01879005851636872,0.012554916478627276,0.011696375397740204,0.01605898130727485,0.014060914246650328,2.455505826824566e-06,-6.433997587637975e-05,0.014519335676711554,0.01879005851636872,0.0011717718487915922,0.006967717187882501,0.002420516031496884,0.004257563484440114,0.0034537427830499488,0.0018903908627279288,3.826215850091094e-06,1.7788159155687446e-05,0.0016342913814154808,0.006967717187882501,0.011957744172256776,0.010365150927050407,0.00954606609024448,0.005879373174661769,0.012373493117880977,0.011292747419919666,-1.5758504076725016e-06,-9.440143934429871e-05,0.01242086336969713,0.010365150927050407,0.015177099445005079,0.028699433854661116,0.016472429949532352,0.016219102035660016,0.020501532869579342,0.017031941691655155,6.900014543107564e-06,-4.552812158827972e-05,0.016914694876761487,0.028699433854661116
ltown,interaction,0.0005,pooled,True,-0.003144104674299615,-0.018944601406236276,-0.008490734355835585,-0.010441084306090401,-0.0031747226847060627,-0.0028634784577819604,-4.491521615887896e-05,-5.13463319749662e-05,-0.008839049485433606,-0.018944601406236276,0.003256560176757856,0.004945890501553059,0.002122741465151458,0.003885369493890246,0.002463916989870623,0.002376327961717759,9.204965314437097e-06,1.8608141193694142e-05,0.0018117655810130215,0.004945890501553059,-0.0064614415026839804,-0.024677226029951076,-0.010515365656273609,-0.015278182723084158,-0.00656481040123232,-0.00740330409721394,-5.623114993219869e-05,-7.603427412458895e-05,-0.012057356066468553,-0.024677226029951076,0.002344602416813372,-0.01171821815618627,-0.004803265817910685,-0.005283589809900217,0.0007688308270335323,-0.0010470314402645602,-3.0842839913798214e-05,-2.012971868371075e-05,-0.006467642705143624,-0.01171821815618627
ltown,exclusion_main_effect,0.0005,pooled,True,0.0012539827304965604,-0.001789220499725809,0.003909823161639872,0.004314714552236889,0.001341572366241285,-0.0008407387753205006,3.4505129807034556e-05,4.605205474506494e-05,0.0018061744621777527,-0.001789220499725809,0.0013863685019486149,0.0030608879458284798,0.0015864469882981426,0.0014407935259489275,0.0003930869444760138,0.0010938090759724443,4.59680841026622e-06,7.175242307368245e-06,0.0010003063892032513,0.0030608879458284798,-3.338040163138508e-05,-0.005641047419282767,0.0014607411674977995,0.0022742608558366886,0.0010108415035453937,-0.00241984720496465,2.9457754395574654e-05,3.4590723485227097e-05,5.189764508188125e-05,-0.005641047419282767,0.0028558816872287416,0.0017209484539104092,0.006029530654228195,0.0056512207097509,0.0018524266216318197,0.00015663619193523326,4.22203583478659e-05,5.488796384373824e-05,0.0027612182676630495,0.0017209484539104092
ltown,irls_main_effect,0.0005,pooled,True,0.01192429434639694,0.00931775781325058,0.008309549300709483,0.006475833244695003,0.01447161996492182,0.012629175017759349,-2.000210225261492e-05,-9.001314186386288e-05,0.010099810933994752,0.00931775781325058,0.001336647483356923,0.006537761566912239,0.0023959324350397715,0.0024213398195179884,0.0033576910175378153,0.0010854164174215089,5.462940484578605e-06,1.0580854929996082e-05,0.0015826941781608862,0.006537761566912239,0.010376888898452915,0.001008322190288106,0.005033232006768251,0.002632894354373305,0.009997648653865395,0.010694028312227358,-2.6259003362697077e-05,-0.00010446629868615408,0.007976947472084328,0.001008322190288106,0.014070635853729882,0.01853708950389606,0.012136945565967061,0.008589687839540006,0.018970580978322955,0.013589976411953439,-1.4065414260950064e-05,-7.427882538261104e-05,0.012589228362359614,0.01853708950389606
ltown,exclusion_when_irls_on,0.0005,balanced,False,-0.0012823524937695119,-0.008819938753011711,-0.0010270641469644194,-0.0031412639183328282,-0.0015976521389342456,-0.0027806884499175545,8.519643993656778e-06,2.1377075325368778e-05,-0.003173654290202474,-0.008819938753011711,0.001004739568846719,0.0049869608942973345,0.0025513238333004173,0.0027939408850209796,0.0008034483596387477,0.0020318706215413816,1.8815775415667655e-05,1.9327886293700072e-05,0.0014862610888883795,0.0049869608942973345,-0.0027121692399675323,-0.015652810926577592,-0.004692643671551274,-0.006920200848299658,-0.0024792906274737256,-0.004843717161574242,-1.9373117755648178e-05,-8.786941864436445e-06,-0.005280719822069309,-0.015652810926577592,-0.0001257090126318324,-0.002219744082110009,0.002931282536346077,0.0014074066518517947,-0.0003809258993576388,-6.285338334651354e-06,2.4199473687191427e-05,4.5282541108345635e-05,-0.001002250828058493,-0.002219744082110009
ltown,exclusion_when_irls_off,0.0005,balanced,False,-0.0032902645096654394,-0.017134634976342038,0.0017558128793026169,-0.0004265522756207482,-0.002554360648255273,-0.002397624650031152,-9.560651544543054e-06,2.9929408404860916e-05,-0.0043299999061161545,-0.017134634976342038,0.00397801561052973,0.006848312631018625,0.0036759032132098715,0.001444796197131981,0.001796562652511947,0.001636566647654137,1.3369199001558825e-05,1.0184764154852823e-05,0.001933920802590183,0.006848312631018625,-0.007560035030393708,-0.025533419455997852,-0.0037844666219176704,-0.0023004388881400217,-0.0044934420234533645,-0.004173244583935347,-2.8396213696635034e-05,1.965500153887096e-05,-0.006074615730740011,-0.025533419455997852,0.002813329149692567,-0.009803932452690992,0.006616338762881924,0.0014319885406310535,-0.0003793383062263474,1.4506818397023539e-05,1.3132086730604045e-06,4.5759228804463874e-05,-0.001433629090341948,-0.009803932452690992
ltown,irls_when_exclusion_on,0.0005,balanced,False,0.016163740469675947,0.02154862621670757,0.006031360351572497,0.006542971173252026,0.01736754926841375,0.012071387658814917,1.2606900468014248e-05,-0.0001184652868465539,0.01353084949592439,0.02154862621670757,0.0028914440555996576,0.008954145796596404,0.0037091211401090703,0.004542004551058266,0.003337506332913591,0.0020976798708125595,5.728603187144168e-06,2.6027391064156393e-05,0.002975545168923001,0.008954145796596404,0.013978223451688717,0.010873833941213626,-9.315874697657378e-05,0.0010609897401424224,0.012902154338293484,0.00950234329027603,4.923464740607265e-06,-0.00014994408864491208,0.009790062511835859,0.010873833941213626,0.021895359109532442,0.033478944763768594,0.00994528544538198,0.014545643081417925,0.02068431418371719,0.015420082573575966,2.232454744202713e-05,-8.756352976674836e-05,0.018377909321869373,0.033478944763768594
ltown,irls_when_exclusion_off,0.0005,balanced,False,0.014155828453780021,0.01323392999337724,0.008814237377839533,0.009257682815964107,0.01641084075909272,0.01245445145870132,-5.473395070185584e-06,-0.00010991295376706178,0.012374503880010705,0.01323392999337724,0.0026336472835298864,0.006785098531611644,0.003945795260692489,0.0032466619633165967,0.00330892711215937,0.001796951903447947,9.658138356341403e-06,2.3184938963046194e-05,0.002125608768924608,0.006785098531611644,0.010952233471155518,0.005232027688068408,0.0028820268443197072,0.005910224995725725,0.012033422465684026,0.010172815867914927,-1.9308090707865517e-05,-0.00014692380878340608,0.009496849283954409,0.005232027688068408,0.018543904198038492,0.02162673198212069,0.01281310256937033,0.014876591438272468,0.022194680678414087,0.01530251467883148,5.042318319963222e-06,-8.848768311521006e-05,0.015132913522231598,0.02162673198212069
ltown,interaction,0.0005,balanced,False,0.002007912015895927,0.008314696223330328,-0.0027828770262670363,-0.00271471164271208,0.0009567085093210273,-0.00038306379988640223,1.8080295538199832e-05,-8.55233307949214e-06,0.001156345615913681,0.008314696223330328,0.003910971842740793,0.004438857076212883,0.004743264758427736,0.002622034076571092,0.0021382601674497727,0.0012442807864107002,7.490381384726569e-06,1.455854246905214e-05,0.0019179175324296556,0.004438857076212883,-0.004565680746349776,0.0034511458236179404,-0.009089916880573923,-0.007331346249765058,-0.001664254763034149,-0.0018929058073710776,9.023095940986856e-06,-2.8441943403307403e-05,-0.0009019823274741453,0.0034511458236179404,0.006811006331903013,0.014520837242721019,0.0030587020081208247,-2.4581888779258893e-05,0.003401761325437865,0.001903256857637407,2.909085666651737e-05,7.393067936056373e-06,0.0038705108282743503,0.014520837242721019
ltown,exclusion_main_effect,0.0005,balanced,False,-0.002286308501717475,-0.012977286864676876,0.0003643743661690988,-0.0017839080969767884,-0.0020760063935947592,-0.0025891565499743525,-5.205037754431382e-07,2.5653241865114847e-05,-0.003751827098159315,-0.012977286864676876,0.0021431588160317062,0.0055640560197529245,0.0020943062635371797,0.0017966650175935469,0.0008908109673650725,0.001736768734918591,1.5885779486569043e-05,1.3625729889818321e-05,0.001433495354794392,0.0055640560197529245,-0.005119880178965271,-0.02059311519128772,-0.002672324916269305,-0.0034646586905158574,-0.003486366325463545,-0.004508480872754794,-2.3884665726141606e-05,5.434029837217258e-06,-0.005427326436010034,-0.02059311519128772,0.0005304887765176791,-0.007533149097976181,0.0035318384430939598,0.0014196975962414242,-0.0011345215535747966,-0.0002591939543065691,1.03743485171773e-05,4.158600714031745e-05,-0.0018846202540790207,-0.007533149097976181
ltown,irls_main_effect,0.0005,balanced,False,0.015159784461727985,0.017391278105042405,0.007422798864706016,0.007900326994608065,0.016889195013753234,0.012262919558758118,3.566752698914332e-06,-0.00011418912030680785,0.012952676687967547,0.017391278105042405,0.0019555940738495924,0.007627665532745289,0.0030064596776803814,0.003723780867380006,0.003146575033585765,0.0018513751167715826,7.001557838854942e-06,2.3547727076249925e-05,0.0024013410690934415,0.007627665532745289,0.013359944410153257,0.008052930814641016,0.00299134157281139,0.004726662865024951,0.012467788401988755,0.009837579579095479,-4.76266237460683e-06,-0.00014507280016881198,0.009643455897895134,0.008052930814641016,0.018489855943580935,0.027552838372944644,0.010422832900559786,0.014711117259845197,0.02143949743106564,0.014468454144757262,1.3263407597910234e-05,-8.802560644097922e-05,0.016442653907732196,0.027552838372944644
ltown,exclusion_when_irls_on,0.005,pooled,False,-0.0003180696066532472,-0.011261521202843947,-0.0003355440162779197,-0.0009058276008083116,-0.00024578897611174686,-0.00227247800421148,1.2047521727595075e-05,2.037888875758184e-05,-0.0026133502805390507,-0.011261521202843947,0.0009813283470308952,0.003625582213630879,0.0013675821182225338,0.002396358823439049,0.0012029026404459426,0.0011147863755915826,4.59012112500231e-06,5.273941509756374e-06,0.0010352869239249804,0.003625582213630879,-0.001189249464461158,-0.01751924428045622,-0.0023086334160917024,-0.004036793768504299,-0.0014581353167307427,-0.003740732889238855,7.514761972505822e-06,1.4555415238272151e-05,-0.00439201825253092,-0.01751924428045622,0.0012617383149754469,-0.00685368554924944,0.0015166965707519668,0.002001058473367993,0.0016255409638817146,-0.0009556314651834411,1.9243823194079223e-05,2.7724004760211625e-05,-0.001787085122367656,-0.00685368554924944
ltown,exclusion_when_irls_off,0.005,pooled,False,0.0028260350676463683,0.007683080203392332,0.008155190339557665,0.00953525670528209,0.002928933708594317,0.0005910004535704794,5.696273788647404e-05,7.172522073254804e-05,0.0062256992048945565,0.007683080203392332,0.002860703062907208,0.004221864525623243,0.0023273080817148256,0.002440754885314168,0.0013774989640394336,0.001993377840996435,7.972313114723418e-06,1.57570684022375e-05,0.0016033259150850681,0.004221864525623243,-0.0010828641018379253,0.00021806165881036824,0.005230115751087301,0.005616673736715557,0.0008567101368481822,-0.0018211280972723436,5.008666310787744e-05,4.465558282708247e-05,0.004495813542694682,0.00021806165881036824,0.006067143615132016,0.012331220608042148,0.010542364737704424,0.011978263690774408,0.005106675084501577,0.003662571207975085,6.847936171056297e-05,9.290510090603272e-05,0.008789896300897326,0.012331220608042148
ltown,irls_when_exclusion_on,0.005,pooled,False,0.010352242009247132,-0.0001545428898675607,0.004064182122791693,0.0012552910916498032,0.012884258622568786,0.011197435788868367,-4.2459710332054395e-05,-0.00011568630785134597,0.005680286191277948,-0.0001545428898675607,0.002739123183854809,0.007011881789359595,0.0028062612622053703,0.0010709688469584195,0.0036953054262841675,0.0012673386585091927,9.349502819113037e-06,8.978966270869167e-06,0.0019950390131703013,0.007011881789359595,0.007146168147110925,-0.009601949963843634,0.0005203979232920227,-0.0006135844659151587,0.007621804189849812,0.009628637594441214,-5.2518006725394155e-05,-0.0001274106570343285,0.003533031574471527,-0.009601949963843634,0.015242937062136567,0.008374745153131006,0.00780146118240177,0.0022786332151990183,0.01743962908706657,0.013066460691821158,-3.2160909995584464e-05,-0.00010142582999367416,0.0093554070097878,0.008374745153131006
ltown,irls_when_exclusion_off,0.005,pooled,False,0.013496346683546748,0.01879005851636872,0.012554916478627276,0.011696375397740204,0.01605898130727485,0.014060914246650328,2.455505826824566e-06,-6.433997587637975e-05,0.014519335676711554,0.01879005851636872,0.0011717718487915922,0.006967717187882501,0.002420516031496884,0.004257563484440114,0.0034537427830499488,0.0018903908627279288,3.826215850091094e-06,1.7788159155687446e-05,0.0016342913814154808,0.006967717187882501,0.011957744172256776,0.010365150927050407,0.00954606609024448,0.005879373174661769,0.012373493117880977,0.011292747419919666,-1.5758504076725016e-06,-9.440143934429871e-05,0.01242086336969713,0.010365150927050407,0.015177099445005079,0.028699433854661116,0.016472429949532352,0.016219102035660016,0.020501532869579342,0.017031941691655155,6.900014543107564e-06,-4.552812158827972e-05,0.016914694876761487,0.028699433854661116
ltown,interaction,0.005,pooled,False,-0.003144104674299615,-0.018944601406236276,-0.008490734355835585,-0.010441084306090401,-0.0031747226847060627,-0.0028634784577819604,-4.491521615887896e-05,-5.13463319749662e-05,-0.008839049485433606,-0.018944601406236276,0.003256560176757856,0.004945890501553059,0.002122741465151458,0.003885369493890246,0.002463916989870623,0.002376327961717759,9.204965314437097e-06,1.8608141193694142e-05,0.0018117655810130215,0.004945890501553059,-0.0064614415026839804,-0.024677226029951076,-0.010515365656273609,-0.015278182723084158,-0.00656481040123232,-0.00740330409721394,-5.623114993219869e-05,-7.603427412458895e-05,-0.012057356066468553,-0.024677226029951076,0.002344602416813372,-0.01171821815618627,-0.004803265817910685,-0.005283589809900217,0.0007688308270335323,-0.0010470314402645602,-3.0842839913798214e-05,-2.012971868371075e-05,-0.006467642705143624,-0.01171821815618627
ltown,exclusion_main_effect,0.005,pooled,False,0.0012539827304965604,-0.001789220499725809,0.003909823161639872,0.004314714552236889,0.001341572366241285,-0.0008407387753205006,3.4505129807034556e-05,4.605205474506494e-05,0.0018061744621777527,-0.001789220499725809,0.0013863685019486149,0.0030608879458284798,0.0015864469882981426,0.0014407935259489275,0.0003930869444760138,0.0010938090759724443,4.59680841026622e-06,7.175242307368245e-06,0.0010003063892032513,0.0030608879458284798,-3.338040163138508e-05,-0.005641047419282767,0.0014607411674977995,0.0022742608558366886,0.0010108415035453937,-0.00241984720496465,2.9457754395574654e-05,3.4590723485227097e-05,5.189764508188125e-05,-0.005641047419282767,0.0028558816872287416,0.0017209484539104092,0.006029530654228195,0.0056512207097509,0.0018524266216318197,0.00015663619193523326,4.22203583478659e-05,5.488796384373824e-05,0.0027612182676630495,0.0017209484539104092
ltown,irls_main_effect,0.005,pooled,False,0.01192429434639694,0.00931775781325058,0.008309549300709483,0.006475833244695003,0.01447161996492182,0.012629175017759349,-2.000210225261492e-05,-9.001314186386288e-05,0.010099810933994752,0.00931775781325058,0.001336647483356923,0.006537761566912239,0.0023959324350397715,0.0024213398195179884,0.0033576910175378153,0.0010854164174215089,5.462940484578605e-06,1.0580854929996082e-05,0.0015826941781608862,0.006537761566912239,0.010376888898452915,0.001008322190288106,0.005033232006768251,0.002632894354373305,0.009997648653865395,0.010694028312227358,-2.6259003362697077e-05,-0.00010446629868615408,0.007976947472084328,0.001008322190288106,0.014070635853729882,0.01853708950389606,0.012136945565967061,0.008589687839540006,0.018970580978322955,0.013589976411953439,-1.4065414260950064e-05,-7.427882538261104e-05,0.012589228362359614,0.01853708950389606
ltown,exclusion_when_irls_on,0.005,balanced,False,-0.0015959272040041623,-0.007057338357947533,-0.0019690712337542145,-0.0032572078412705925,-0.0016291276796957643,-0.004253735061038532,2.8134537121225706e-05,4.268159639244369e-05,-0.003101734463334449,-0.007057338357947533,0.0008786427751591274,0.005356698492751968,0.0026814833746757714,0.0028839951692709266,0.0007626482210185958,0.0019836699505678813,1.9860994540996835e-05,1.96222999236193e-05,0.0012172255570308066,0.005356698492751968,-0.002614078024990363,-0.016039528071829068,-0.0059835654837710655,-0.006915697445157483,-0.002634703877318715,-0.006282980641874862,-7.927825080467511e-07,1.595523654331883e-05,-0.00493083745460136,-0.016039528071829068,-0.0005989514731744213,-0.002337071130182814,0.002151760719595478,0.0007746038654329693,-0.0006190745501885772,-0.0013358210308134593,4.244185663351721e-05,6.838587840852198e-05,-0.0020840702466868497,-0.002337071130182814
ltown,exclusion_when_irls_off,0.005,balanced,False,-0.0030052977935865663,-0.015320738079369423,-0.0005562423674922742,-0.0022185841164694127,-0.003058760350464602,0.00099450973437241,-6.50385898937069e-05,-4.191782828908436e-05,-0.004831924541476443,-0.015320738079369423,0.004009507428725324,0.005336218285170495,0.0032673968776541144,0.0023146548856779097,0.0013889192735325935,0.0011411954198621089,1.4507728672994846e-05,1.4587632240587449e-05,0.0014211112583188323,0.005336218285170495,-0.007526250005781739,-0.024092903766771794,-0.005698293508610249,-0.006142680134280061,-0.0047401599554228735,-0.00048503352033916575,-8.359633004149562e-05,-5.94636517438352e-05,-0.006777784602101544,-0.024092903766771794,0.002809123995937024,-0.010124165007327749,0.0036265513086818726,-0.00018748104769143273,-0.0013391384706911147,0.002685819406668455,-4.7275512230175014e-05,-2.1724078321311117e-05,-0.0029142659584823574,-0.010124165007327749
ltown,irls_when_exclusion_on,0.005,balanced,False,0.016790556720384087,0.02275534354480728,0.006867933774314205,0.006625981649925543,0.018371341181121936,0.009686169928996315,5.2345876153250185e-05,-7.763023545610744e-05,0.01428223137411059,0.02275534354480728,0.002736865785351736,0.008549266144601695,0.003868093088965541,0.005039169167547693,0.0032816289026656375,0.002322092463374268,5.296687427899256e-06,2.709225639768055e-05,0.002558023760905761,0.008549266144601695,0.014745173817972801,0.012627969216857937,0.0004664625364715717,0.0014504694031946725,0.013898314522997723,0.0067838580519372265,4.756695048280454e-05,-0.00011343998077758366,0.010923032895730858,0.012627969216857937,0.02221069472167721,0.03295910959534779,0.010569775985837526,0.015533276608585278,0.022146608902848513,0.013266577475838814,6.040759896077918e-05,-4.389728405193192e-05,0.018168001340844103,0.03295910959534779
ltown,irls_when_exclusion_off,0.005,balanced,False,0.01538118613080168,0.01449194382338539,0.008280762640576146,0.007664605374726722,0.0169417085103531,0.014934414724407258,-4.082725086168242e-05,-0.00016222966013763548,0.012552041295968597,0.01449194382338539,0.0029259867111809247,0.006707480692073207,0.0038705010024968414,0.0024813353265492294,0.003455724719154973,0.00173509292565982,1.069173750982614e-05,2.718450451698011e-05,0.002168527233363628,0.006707480692073207,0.011661288923509408,0.007449551090604116,0.0031009029272982915,0.0048546300649575285,0.012284325750243482,0.013228654332140858,-5.535894343502245e-05,-0.0002089325973723082,0.009870164727198372,0.007449551090604116,0.020228477223142693,0.02479467242635114,0.01259511777196228,0.011876906599623075,0.02269183048026076,0.01790277488947904,-2.915323254194124e-05,-0.00013681547198102329,0.015163395599589383,0.02479467242635114
ltown,interaction,0.005,balanced,False,0.0014093705895824038,0.00826339972142189,-0.0014128288662619405,-0.0010386237248011796,0.0014296326707688373,-0.005248244795410941,9.317312701493263e-05,8.459942468152806e-05,0.0017301900781419948,0.00826339972142189,0.004042142196264056,0.0063719144259923675,0.004403279271243354,0.003333005766131932,0.001683596856781234,0.001525523059459484,8.873578229959644e-06,1.8521583963407447e-05,0.001600645470823515,0.0063719144259923675,-0.005045680955904667,0.002263393461581553,-0.006994451052495261,-0.0057574259901935765,-0.0006584913486837504,-0.006449101440331839,8.033529414873659e-05,6.561497869823582e-05,8.340527402535732e-05,0.002263393461581553,0.006050942441420755,0.020152502219172863,0.0040303596132947135,0.003656370008962203,0.0034134560719724836,-0.002401268590372633,0.00010676367662468612,0.0001089781321842272,0.004310762325224833,0.020152502219172863
ltown,exclusion_main_effect,0.005,balanced,False,-0.0023006124987953644,-0.01118903821865848,-0.0012626568006232446,-0.0027378959788700035,-0.002343944015080183,-0.001629612663333061,-1.8452026386240597e-05,3.818840516796647e-07,-0.003966829502405446,-0.01118903821865848,0.002083111396437273,0.004293529876637306,0.002021361085319211,0.0020150175753124717,0.0007394186464146381,0.001427176085251733,1.6816109837074924e-05,1.4599813910155163e-05,0.0010536038875155066,0.004293529876637306,-0.005070164015386051,-0.017171224802619844,-0.00407145188875202,-0.005006964864066192,-0.0036874319163707945,-0.0030793099844797314,-4.0960429582415044e-05,-1.815197200942793e-05,-0.005457271538867603,-0.017171224802619844,0.0002862835179846905,-0.0067488119983020916,0.0015459345642925466,0.00017607767330592625,-0.00161174925939724,0.00019026319981430007,-2.495096478814801e-06,2.0446453510656085e-05,-0.0025837041924388813,-0.0067488119983020916
ltown,irls_main_effect,0.005,balanced,False,0.016085871425592885,0.01862364368409634,0.007574348207445175,0.0071452935123261325,0.017656524845737518,0.012310292326701786,5.7593126457838884e-06,-0.00011992994779687145,0.013417136335039595,0.01862364368409634,0.001985242528461843,0.006992124216562618,0.003181861718000276,0.0036052591573568007,0.00326296432721133,0.0019025050021830453,7.176278749682264e-06,2.550944047107461e-05,0.0022321472802622417,0.006992124216562618,0.014117374913905098,0.010038760153731027,0.0025470792808608977,0.004256732788929352,0.013091320136620602,0.010006256192039042,-1.97710512267939e-06,-0.0001544435312801946,0.010396598811464616,0.010038760153731027,0.019185223500966835,0.02732795853549839,0.010633858040779228,0.013705091604104177,0.022419219691554637,0.014678224169313117,1.562718320941897e-05,-9.287741152040324e-05,0.016665698470216744,0.02732795853549839
