network,calibration_cap_rate,objective,primary,condition,source_seed,random,replay,drift,noise,targeted,pooled_f1,clean_fpr,all_negative_fpr,family_macro_f1,worst_family_f1
modena,0.0005,pooled,True,e0r0,40811,0.9195391160892594,0.5905741863540029,0.7625041980820741,0.7835494321555997,0.9459030609365211,0.8124666252952651,0.00015165816701864942,0.0007296774825527116,0.8004139987234914,0.5905741863540029
modena,0.0005,pooled,True,e0r0,41811,0.9101296188972071,0.6389600729792438,0.8630901663457887,0.8482585663065917,0.9349030378481222,0.8358485829862593,0.00018974170645121802,0.0008605272612503441,0.8390682924753907,0.6389600729792438
modena,0.0005,pooled,True,e0r0,42811,0.9204068902719578,0.6476824992012993,0.7595389303878481,0.7739098637310896,0.9038482248626916,0.8102789558574246,0.0001578024192324733,0.000631378931586585,0.8010772816909774,0.6476824992012993
modena,0.0005,pooled,True,e0r0,43811,0.9098991790818953,0.6521823471218627,0.81630420918755,0.7125610454482265,0.9224400236845328,0.8031983005683087,0.00019231937940844098,0.000881500566202294,0.8026773609048133,0.6521823471218627
modena,0.0005,pooled,True,e0r0,44811,0.8961855925157799,0.6526191096700759,0.7473579379516694,0.8054326256976442,0.9427055560830144,0.8044889499334517,0.00017185462315550944,0.0007918084544579952,0.8088601643836367,0.6526191096700759
modena,0.0005,pooled,True,e0r0,45811,0.9290420763792137,0.6551070752854318,0.8118716384221982,0.8112115990213588,0.9198094280500172,0.8343435691395191,0.00015768797434942284,0.0005696124434306143,0.8254083634316439,0.6551070752854318
modena,0.0005,pooled,True,e0r1,40811,0.9571058516255927,0.9381354980321909,0.7947243527035877,0.8464527170205809,0.9702593125088809,0.8820176658585597,0.00031010699823216375,0.0003325196929623773,0.9013355463781666,0.7947243527035877
modena,0.0005,pooled,True,e0r1,41811,0.9337516068074031,0.9407639599454721,0.8775865469202525,0.9059438499674018,0.9614875783337326,0.8972531673587868,0.0004093218264169421,0.00045659269864948545,0.9239067083948526,0.8775865469202525
modena,0.0005,pooled,True,e0r1,42811,0.9528146174449103,0.9490134848151984,0.7751625059820911,0.8482044323282988,0.9329327536995998,0.8556056035072125,0.0004908565636702415,0.0005471950740417071,0.8916255588540197,0.7751625059820911
modena,0.0005,pooled,True,e0r1,43811,0.9388167487737755,0.9577843511054144,0.8312346790620578,0.7969317630478114,0.9592270897976117,0.8728053304664701,0.0003400206627941236,0.00037769062866805335,0.896798926357334,0.7969317630478114
modena,0.0005,pooled,True,e0r1,44811,0.9390413645422551,0.925603897078814,0.7717899093759054,0.8487701448585633,0.9729263724328945,0.8638744363004637,0.0004015010664872078,0.0004740168656536058,0.8916263376576863,0.7717899093759054
modena,0.0005,pooled,True,e0r1,45811,0.9412579430709203,0.9438808448903568,0.8395236088161576,0.8580433250470573,0.9494306494452053,0.8794653044230539,0.0003290879464683607,0.00034150066866097723,0.9064272742539394,0.8395236088161576
modena,0.0005,pooled,True,e1r0,40811,0.9115038627247275,0.5667280173573283,0.752534614892865,0.7709231247279525,0.9346402314062404,0.7997203276713961,0.00015165816701864942,0.0007943155791806689,0.7872659702218229,0.5667280173573283
modena,0.0005,pooled,True,e1r0,41811,0.8987409746539687,0.6364706840966187,0.8559251786972552,0.8576038289062424,0.9407879749404163,0.8342861436957554,0.00021498959480964618,0.0009045201344048932,0.8379057282589003,0.6364706840966187
modena,0.0005,pooled,True,e1r0,42811,0.9078287071024747,0.6422201206081705,0.757247552241925,0.7853349449659532,0.9198816519353934,0.8114431342405567,0.00017373439425113647,0.0006774796154802088,0.8025025953707834,0.6422201206081705
modena,0.0005,pooled,True,e1r0,43811,0.9049686368362929,0.6329593356734117,0.8107646512151195,0.7025288865140421,0.9130138246989579,0.7943288649917878,0.00019001154685553971,0.0009795933619871065,0.7928470669875648,0.6329593356734117
modena,0.0005,pooled,True,e1r0,44811,0.8819776044868296,0.6249149157281536,0.7373651989036606,0.7929454136695592,0.9403200974171364,0.7907987062232976,0.00018326090345344146,0.0008912852333064278,0.7955046460410679,0.6249149157281536
modena,0.0005,pooled,True,e1r0,45811,0.9179342834864704,0.6661623788165544,0.8100048001649648,0.8063970417178968,0.9187004841296655,0.8315464790756454,0.00016302041792645648,0.0005949581961827963,0.8238397976631103,0.6661623788165544
modena,0.0005,pooled,True,e1r1,40811,0.9516793048514033,0.9131092644385997,0.7965941765449006,0.8195045046643141,0.9687573497185954,0.8721173588365897,0.00032067025364639805,0.00035650908964904174,0.8899289200435625,0.7965941765449006
modena,0.0005,pooled,True,e1r1,41811,0.9373546174527423,0.9395487051661217,0.8757824713002483,0.898340753622943,0.9591976247573294,0.8928015394471851,0.00044834129024360383,0.00048458816338419847,0.922044834459877,0.8757824713002483
modena,0.0005,pooled,True,e1r1,42811,0.9561800668364856,0.9479535632085249,0.7813236983116795,0.8234014966756921,0.9342086124813115,0.8580768670606869,0.0004225766707331136,0.0005077756486833912,0.8886134875027386,0.7813236983116795
modena,0.0005,pooled,True,e1r1,43811,0.9412416537638034,0.9548198426644858,0.8359711809896925,0.7710862094865961,0.9549328682661594,0.8693099732377462,0.00033925138527648985,0.00036434467005787475,0.8916103510341475,0.7710862094865961
modena,0.0005,pooled,True,e1r1,44811,0.9389573547232962,0.923433186354378,0.7565790648117371,0.8396148042040034,0.9721372564964015,0.8626039702767881,0.0003475113397436629,0.0004105920737703769,0.8861443333179632,0.7565790648117371
modena,0.0005,pooled,True,e1r1,45811,0.9322082033928899,0.9218488382387265,0.8400494985107464,0.8483970074361138,0.954457849980238,0.8706639902914671,0.0003907919364311784,0.00044355067316318337,0.8993922795117429,0.8400494985107464
modena,0.0005,balanced,False,e0r0,40811,0.8807100403311399,0.6668457184091592,0.7160426118832613,0.7136453785958295,0.8987574396875284,0.7895048896300528,5.734338653441471e-05,0.00043980560592218236,0.7752002377813837,0.6668457184091592
modena,0.0005,balanced,False,e0r0,41811,0.8661425161831643,0.7157298473766724,0.8215569923558496,0.782851984588445,0.8994516648147933,0.8202278900730309,8.033419023136246e-05,0.0004992524544357148,0.8171466010637848,0.7157298473766724
modena,0.0005,balanced,False,e0r0,42811,0.876450535118526,0.7262171762543171,0.7160485254793872,0.7181422643157553,0.8676636214880157,0.7896435123370965,7.434921675376147e-05,0.0003627923384672124,0.7809044245312003,0.7147368304768112
modena,0.0005,balanced,False,e0r0,43811,0.8821812561092455,0.7393817837980937,0.7754947866373182,0.6190455380444616,0.888429091103093,0.7888481780184989,9.231330211605168e-05,0.0004877947872020264,0.7809064911384423,0.6190455380444616
modena,0.0005,balanced,False,e0r0,44811,0.857039388634886,0.7357194890160265,0.7107692757920496,0.7365077544035442,0.9074545967833404,0.7906690800641897,7.376061259329387e-05,0.0004479793195120698,0.7894981009259694,0.7107692757920496
modena,0.0005,balanced,False,e0r0,45811,0.8946190736841072,0.733772773940102,0.7711893050538636,0.7377401152993214,0.8842035809131766,0.8117727823008275,6.246576761667958e-05,0.00031548792241531685,0.8043049697781143,0.733772773940102
modena,0.0005,balanced,False,e0r1,40811,0.9638603243013995,0.9320099109542547,0.8026845345395691,0.8567072821057153,0.9788357598551993,0.8811401440702712,0.00041875762535000216,0.00045246667639569976,0.9068195623512277,0.8026845345395691
modena,0.0005,balanced,False,e0r1,41811,0.944659688237356,0.9385431865024886,0.8856072903650243,0.9059546735366757,0.967976481208292,0.8933616767209305,0.0005554535438854206,0.0006332307499518412,0.9285482639699674,0.8856072903650243
modena,0.0005,balanced,False,e0r1,42811,0.9592931815074387,0.9427431012397368,0.7847537148422014,0.8531973635866853,0.9415300173509659,0.848222378919818,0.0006896269186649915,0.0007690128574139254,0.8963034757054057,0.7847537148422014
modena,0.0005,balanced,False,e0r1,43811,0.9493957195160462,0.9554347092072101,0.84095106583215,0.8166279800078383,0.9657992294702153,0.8735532651220067,0.0004846448361092713,0.0005418459195732497,0.905641740806692,0.8166279800078383
modena,0.0005,balanced,False,e0r1,44811,0.9475827138662387,0.9171688100870466,0.7774943785066112,0.8497731240862252,0.9789470710299462,0.8580531989513805,0.0005391368487489211,0.0006602854649738255,0.8941932195152136,0.7774943785066112
modena,0.0005,balanced,False,e0r1,45811,0.9472715618032632,0.9414981471319499,0.8451653859377042,0.866804780170744,0.9566857525048721,0.876164382859436,0.0004700168124328207,0.0005082490420305949,0.9114851255097066,0.8451653859377042
modena,0.0005,balanced,False,e1r0,40811,0.8699121756089815,0.6529811540774122,0.7002560400892587,0.6906683383541022,0.8847592349112373,0.7748612370294916,5.2816277071171444e-05,0.00045379942065607,0.7597153886081984,0.6529811540774122
modena,0.0005,balanced,False,e1r0,41811,0.8543345250003084,0.7178114856431083,0.8194367440049511,0.7821379187356717,0.900260225257114,0.8174918351207113,9.257559064757008e-05,0.0005005855718040344,0.8147961797282308,0.7178114856431083
modena,0.0005,balanced,False,e1r0,42811,0.8641405903286826,0.7319283007578944,0.7029202429272056,0.7114537234672804,0.8838662216643679,0.7895817485117771,5.68999107809399e-05,0.00032871791993714276,0.7788618158290862,0.7006763570750744
modena,0.0005,balanced,False,e1r0,43811,0.8715224895964444,0.7250633779570238,0.7691375763591406,0.6161392075100895,0.8679085399384637,0.778601279025927,8.30819719044465e-05,0.0005331710464766336,0.7699542382722324,0.6161392075100895
modena,0.0005,balanced,False,e1r0,44811,0.8466555688777911,0.7030836977652651,0.6900664596703178,0.7358189997739674,0.9085546406854214,0.7795028602739551,7.223977522023625e-05,0.0005047278175128535,0.7768358733545525,0.6900664596703178
modena,0.0005,balanced,False,e1r0,45811,0.8817004755907121,0.7594545799749582,0.7641021085917928,0.7404600770287324,0.8783975067813157,0.809759002247151,5.256265811647428e-05,0.0002788032802740009,0.8048229495935022,0.7401585543391501
modena,0.0005,balanced,False,e1r1,40811,0.9604298642003856,0.9039377328642928,0.80374708382439,0.8389969235504622,0.9735072535173259,0.8722736871806359,0.0004293208807642364,0.0004744569566918089,0.8961237715913711,0.80374708382439
modena,0.0005,balanced,False,e1r1,41811,0.9508575801917202,0.9394626826737466,0.8858893236783881,0.8936093744961274,0.9678357367979545,0.8900964892421794,0.0005883523075039784,0.0006445622475825583,0.9275309395675873,0.8858893236783881
modena,0.0005,balanced,False,e1r1,42811,0.9645993539464376,0.9390618411630084,0.788060432580051,0.8293076964452264,0.944564809207566,0.8537518341856334,0.0005781030935343494,0.0006908421325508243,0.8931188266684579,0.788060432580051
modena,0.0005,balanced,False,e1r1,43811,0.9514427408615038,0.9519727893100227,0.8438352622007051,0.7838853350030425,0.9667505401240645,0.871646977030502,0.00043925746256887917,0.000501140745812205,0.8995773334998677,0.7838853350030425
modena,0.0005,balanced,False,e1r1,44811,0.9414134373001107,0.9202791340338496,0.7682800874690175,0.8489893299044949,0.9757508027716343,0.858853209939332,0.00047602209776703057,0.000566149721231349,0.8909425582958214,0.7682800874690175
modena,0.0005,balanced,False,e1r1,45811,0.9395659580462256,0.9171854669086928,0.8455652445548054,0.8534412497270591,0.9639108405936638,0.8691401134253969,0.0005065821398181941,0.0005916232287154038,0.9039337519660894,0.8455652445548054
modena,0.005,pooled,False,e0r0,40811,0.9195391160892594,0.5905741863540029,0.7625041980820741,0.7835494321555997,0.9459030609365211,0.8124666252952651,0.00015165816701864942,0.0007296774825527116,0.8004139987234914,0.5905741863540029
modena,0.005,pooled,False,e0r0,41811,0.9101296188972071,0.6389600729792438,0.8630901663457887,0.8482585663065917,0.9349030378481222,0.8358485829862593,0.00018974170645121802,0.0008605272612503441,0.8390682924753907,0.6389600729792438
modena,0.005,pooled,False,e0r0,42811,0.9204068902719578,0.6476824992012993,0.7595389303878481,0.7739098637310896,0.9038482248626916,0.8102789558574246,0.0001578024192324733,0.000631378931586585,0.8010772816909774,0.6476824992012993
modena,0.005,pooled,False,e0r0,43811,0.9098991790818953,0.6521823471218627,0.81630420918755,0.7125610454482265,0.9224400236845328,0.8031983005683087,0.00019231937940844098,0.000881500566202294,0.8026773609048133,0.6521823471218627
modena,0.005,pooled,False,e0r0,44811,0.8961855925157799,0.6526191096700759,0.7473579379516694,0.8054326256976442,0.9427055560830144,0.8044889499334517,0.00017185462315550944,0.0007918084544579952,0.8088601643836367,0.6526191096700759
modena,0.005,pooled,False,e0r0,45811,0.9290420763792137,0.6551070752854318,0.8118716384221982,0.8112115990213588,0.9198094280500172,0.8343435691395191,0.00015768797434942284,0.0005696124434306143,0.8254083634316439,0.6551070752854318
modena,0.005,pooled,False,e0r1,40811,0.9571058516255927,0.9381354980321909,0.7947243527035877,0.8464527170205809,0.9702593125088809,0.8820176658585597,0.00031010699823216375,0.0003325196929623773,0.9013355463781666,0.7947243527035877
modena,0.005,pooled,False,e0r1,41811,0.9337516068074031,0.9407639599454721,0.8775865469202525,0.9059438499674018,0.9614875783337326,0.8972531673587868,0.0004093218264169421,0.00045659269864948545,0.9239067083948526,0.8775865469202525
modena,0.005,pooled,False,e0r1,42811,0.9528146174449103,0.9490134848151984,0.7751625059820911,0.8482044323282988,0.9329327536995998,0.8556056035072125,0.0004908565636702415,0.0005471950740417071,0.8916255588540197,0.7751625059820911
modena,0.005,pooled,False,e0r1,43811,0.9388167487737755,0.9577843511054144,0.8312346790620578,0.7969317630478114,0.9592270897976117,0.8728053304664701,0.0003400206627941236,0.00037769062866805335,0.896798926357334,0.7969317630478114
modena,0.005,pooled,False,e0r1,44811,0.9390413645422551,0.925603897078814,0.7717899093759054,0.8487701448585633,0.9729263724328945,0.8638744363004637,0.0004015010664872078,0.0004740168656536058,0.8916263376576863,0.7717899093759054
modena,0.005,pooled,False,e0r1,45811,0.9412579430709203,0.9438808448903568,0.8395236088161576,0.8580433250470573,0.9494306494452053,0.8794653044230539,0.0003290879464683607,0.00034150066866097723,0.9064272742539394,0.8395236088161576
modena,0.005,pooled,False,e1r0,40811,0.9115038627247275,0.5667280173573283,0.752534614892865,0.7709231247279525,0.9346402314062404,0.7997203276713961,0.00015165816701864942,0.0007943155791806689,0.7872659702218229,0.5667280173573283
modena,0.005,pooled,False,e1r0,41811,0.8987409746539687,0.6364706840966187,0.8559251786972552,0.8576038289062424,0.9407879749404163,0.8342861436957554,0.00021498959480964618,0.0009045201344048932,0.8379057282589003,0.6364706840966187
modena,0.005,pooled,False,e1r0,42811,0.9078287071024747,0.6422201206081705,0.757247552241925,0.7853349449659532,0.9198816519353934,0.8114431342405567,0.00017373439425113647,0.0006774796154802088,0.8025025953707834,0.6422201206081705
modena,0.005,pooled,False,e1r0,43811,0.9049686368362929,0.6329593356734117,0.8107646512151195,0.7025288865140421,0.9130138246989579,0.7943288649917878,0.00019001154685553971,0.0009795933619871065,0.7928470669875648,0.6329593356734117
modena,0.005,pooled,False,e1r0,44811,0.8819776044868296,0.6249149157281536,0.7373651989036606,0.7929454136695592,0.9403200974171364,0.7907987062232976,0.00018326090345344146,0.0008912852333064278,0.7955046460410679,0.6249149157281536
modena,0.005,pooled,False,e1r0,45811,0.9179342834864704,0.6661623788165544,0.8100048001649648,0.8063970417178968,0.9187004841296655,0.8315464790756454,0.00016302041792645648,0.0005949581961827963,0.8238397976631103,0.6661623788165544
modena,0.005,pooled,False,e1r1,40811,0.9516793048514033,0.9131092644385997,0.7965941765449006,0.8195045046643141,0.9687573497185954,0.8721173588365897,0.00032067025364639805,0.00035650908964904174,0.8899289200435625,0.7965941765449006
modena,0.005,pooled,False,e1r1,41811,0.9373546174527423,0.9395487051661217,0.8757824713002483,0.898340753622943,0.9591976247573294,0.8928015394471851,0.00044834129024360383,0.00048458816338419847,0.922044834459877,0.8757824713002483
modena,0.005,pooled,False,e1r1,42811,0.9561800668364856,0.9479535632085249,0.7813236983116795,0.8234014966756921,0.9342086124813115,0.8580768670606869,0.0004225766707331136,0.0005077756486833912,0.8886134875027386,0.7813236983116795
modena,0.005,pooled,False,e1r1,43811,0.9412416537638034,0.9548198426644858,0.8359711809896925,0.7710862094865961,0.9549328682661594,0.8693099732377462,0.00033925138527648985,0.00036434467005787475,0.8916103510341475,0.7710862094865961
modena,0.005,pooled,False,e1r1,44811,0.9389573547232962,0.923433186354378,0.7565790648117371,0.8396148042040034,0.9721372564964015,0.8626039702767881,0.0003475113397436629,0.0004105920737703769,0.8861443333179632,0.7565790648117371
modena,0.005,pooled,False,e1r1,45811,0.9322082033928899,0.9218488382387265,0.8400494985107464,0.8483970074361138,0.954457849980238,0.8706639902914671,0.0003907919364311784,0.00044355067316318337,0.8993922795117429,0.8400494985107464
modena,0.005,balanced,False,e0r0,40811,0.8807100403311399,0.6668457184091592,0.7160426118832613,0.7136453785958295,0.8987574396875284,0.7895048896300528,5.734338653441471e-05,0.00043980560592218236,0.7752002377813837,0.6668457184091592
modena,0.005,balanced,False,e0r0,41811,0.8661425161831643,0.7157298473766724,0.8215569923558496,0.782851984588445,0.8994516648147933,0.8202278900730309,8.033419023136246e-05,0.0004992524544357148,0.8171466010637848,0.7157298473766724
modena,0.005,balanced,False,e0r0,42811,0.876450535118526,0.7262171762543171,0.7160485254793872,0.7181422643157553,0.8676636214880157,0.7896435123370965,7.434921675376147e-05,0.0003627923384672124,0.7809044245312003,0.7147368304768112
modena,0.005,balanced,False,e0r0,43811,0.8821812561092455,0.7393817837980937,0.7754947866373182,0.6190455380444616,0.888429091103093,0.7888481780184989,9.231330211605168e-05,0.0004877947872020264,0.7809064911384423,0.6190455380444616
modena,0.005,balanced,False,e0r0,44811,0.857039388634886,0.7357194890160265,0.7107692757920496,0.7365077544035442,0.9074545967833404,0.7906690800641897,7.376061259329387e-05,0.0004479793195120698,0.7894981009259694,0.7107692757920496
modena,0.005,balanced,False,e0r0,45811,0.8946190736841072,0.733772773940102,0.7711893050538636,0.7377401152993214,0.8842035809131766,0.8117727823008275,6.246576761667958e-05,0.00031548792241531685,0.8043049697781143,0.733772773940102
modena,0.005,balanced,False,e0r1,40811,0.9697981574602316,0.9229860138391359,0.8123642319000769,0.8617958296545757,0.9818550626646481,0.8753309298935443,0.0005636251281737867,0.0006063986384684635,0.9097598591037336,0.8123642319000769
modena,0.005,balanced,False,e0r1,41811,0.952684101958496,0.9321820148441203,0.892724522064491,0.9072647457265686,0.9729806704299482,0.8856738147213883,0.0007459603378626514,0.0008485292049354671,0.9315672110047247,0.892724522064491
modena,0.005,balanced,False,e0r1,42811,0.9663241953681162,0.935424565023573,0.7907979724022886,0.8571387793438653,0.9458625077153124,0.8383221156423257,0.0009066052451096423,0.0010068656612708823,0.8991096039706311,0.7907979724022886
modena,0.005,balanced,False,e0r1,43811,0.9566354781890256,0.9522325633920433,0.852221416642319,0.8196517080321407,0.9718094869947311,0.8692940664986248,0.0006538858899886993,0.000732693127698803,0.9105101306500519,0.8196517080321407
modena,0.005,balanced,False,e0r1,44811,0.9526570584257023,0.911169439626358,0.783837807502367,0.8557625618255912,0.9824494345427487,0.8517235093460315,0.0006912205860546817,0.0008325338471409106,0.8971752603845534,0.783837807502367
modena,0.005,balanced,False,e0r1,45811,0.9526559716816477,0.928809136401298,0.8524027673783384,0.8708833885650346,0.9647267568630661,0.8690888777785086,0.0006551287823212737,0.0007183519924763134,0.9138956041778771,0.8524027673783384
modena,0.005,balanced,False,e1r0,40811,0.8699121756089815,0.6529811540774122,0.7002560400892587,0.6906683383541022,0.8847592349112373,0.7748612370294916,5.2816277071171444e-05,0.00045379942065607,0.7597153886081984,0.6529811540774122
modena,0.005,balanced,False,e1r0,41811,0.8543345250003084,0.7178114856431083,0.8194367440049511,0.7821379187356717,0.900260225257114,0.8174918351207113,9.257559064757008e-05,0.0005005855718040344,0.8147961797282308,0.7178114856431083
modena,0.005,balanced,False,e1r0,42811,0.8641405903286826,0.7319283007578944,0.7029202429272056,0.7114537234672804,0.8838662216643679,0.7895817485117771,5.68999107809399e-05,0.00032871791993714276,0.7788618158290862,0.7006763570750744
modena,0.005,balanced,False,e1r0,43811,0.8715224895964444,0.7250633779570238,0.7691375763591406,0.6161392075100895,0.8679085399384637,0.778601279025927,8.30819719044465e-05,0.0005331710464766336,0.7699542382722324,0.6161392075100895
modena,0.005,balanced,False,e1r0,44811,0.8466555688777911,0.7030836977652651,0.6900664596703178,0.7358189997739674,0.9085546406854214,0.7795028602739551,7.223977522023625e-05,0.0005047278175128535,0.7768358733545525,0.6900664596703178
modena,0.005,balanced,False,e1r0,45811,0.8817004755907121,0.7594545799749582,0.7641021085917928,0.7404600770287324,0.8783975067813157,0.809759002247151,5.256265811647428e-05,0.0002788032802740009,0.8048229495935022,0.7401585543391501
modena,0.005,balanced,False,e1r1,40811,0.9656041354802384,0.8852665852665852,0.8134625233707519,0.8467404208577772,0.9742389126611956,0.8562961101916282,0.0007258465506066704,0.0008016456726127053,0.8970625155273096,0.8134625233707519
modena,0.005,balanced,False,e1r1,41811,0.9588111637798429,0.9266672601288479,0.8923624831977651,0.8942015189102146,0.9747458077865553,0.8692112411706114,0.001015271147019219,0.0010991552701795644,0.9293576467606451,0.8909223209176608
modena,0.005,balanced,False,e1r1,42811,0.9703239937007228,0.9245761169279213,0.7965851908157567,0.8325875332143747,0.9451947945661622,0.8292161058658364,0.0010211637321486014,0.0011658796144112075,0.8938535258449875,0.7965851908157567
modena,0.005,balanced,False,e1r1,43811,0.9577171422049889,0.9428553675122379,0.853380982135505,0.7925105183687728,0.9691777126393543,0.8561502745010673,0.000801587173374382,0.0009081924834226512,0.9031283445721717,0.7925105183687728
modena,0.005,balanced,False,e1r1,44811,0.9485901407923968,0.9092402421303744,0.7842284098963552,0.8545135993372147,0.9787856178741086,0.8406447115112924,0.0008463459981065576,0.0009653920954015692,0.8950716020060899,0.7842284098963552
modena,0.005,balanced,False,e1r1,45811,0.9443329749024055,0.9010834366357504,0.8530757967898857,0.8592277926694482,0.968603503077027,0.8492281164091641,0.0009202274058652308,0.0010385088693459796,0.9052647008149034,0.8530757967898857
ltown,0.0005,pooled,True,e0r0,110811,0.9838936961753979,0.6519324316313568,0.8610040589359919,0.9064878442112305,0.9831189409807023,0.8967801432512763,0.0001881281790358353,0.00025044555743312713,0.8772873943869359,0.6519324316313568
ltown,0.0005,pooled,True,e0r0,111811,0.9828574334870585,0.675656325034533,0.8882057787599485,0.8596461316120081,0.9735657209496993,0.8907407231185269,0.00017213995268128407,0.0002825101898024233,0.8759862779686495,0.675656325034533
ltown,0.0005,pooled,True,e0r0,112811,0.9811146486982022,0.6810866070599624,0.822806268347847,0.8928189948843203,0.9819608700792717,0.8913430574290911,0.00016501981524989046,0.00022486732134718867,0.8719574778139206,0.6810866070599624
ltown,0.0005,pooled,True,e0r0,113811,0.9779956846268766,0.6952100897169261,0.9087638805893187,0.8854657142100454,0.9799803858454549,0.9119515393871609,0.0001835865724938463,0.00024997810958790807,0.8894831509977243,0.6952100897169261
ltown,0.0005,pooled,True,e0r0,114811,0.980724074522456,0.6669085707254155,0.8847792247295764,0.9080952505113689,0.9787493402253219,0.9047701286031038,0.00016268111211249783,0.0002529714315708809,0.8838512921428276,0.6669085707254155
ltown,0.0005,pooled,True,e0r0,115811,0.9770323952582279,0.7098001293056599,0.9009998902390887,0.8998395480210414,0.9732027023190092,0.9109701594236568,0.00018973928025918703,0.0002934190948829559,0.8921749330286053,0.7098001293056599
ltown,0.0005,pooled,True,e0r1,110811,0.9958514403476547,0.6703498402704103,0.873298994005865,0.9135485800606516,0.9954924340985832,0.9080728906711961,0.00019356990322282226,0.0002033137366615792,0.889708257756633,0.6703498402704103
ltown,0.0005,pooled,True,e0r1,111811,0.9964650431368534,0.6988256887544538,0.9000232684466698,0.8758652336476681,0.9933256302414102,0.9077726648101819,0.00017082188259949784,0.00018810875045812466,0.892900972845411,0.6988256887544538
ltown,0.0005,pooled,True,e0r1,112811,0.9955718525824468,0.7015570066730689,0.8323523344380915,0.9077197373482013,0.9945377894413818,0.9049353935316365,0.00016501981524989046,0.00017933919975890897,0.886347744096638,0.7015570066730689
ltown,0.0005,pooled,True,e0r1,113811,0.9931727840718816,0.7055752406439765,0.9252363105388509,0.8991844978451425,0.9954401234397979,0.9268717160358504,0.0001820107220861738,0.0001859818652664196,0.9037217913079298,0.7055752406439765
ltown,0.0005,pooled,True,e0r1,114811,0.9936041628271118,0.6785271650698353,0.8988412287745379,0.9204947657390888,0.9944316358333465,0.9181849200881103,0.0001695811266556054,0.00018753183821205156,0.8971797916487841,0.6785271650698353
ltown,0.0005,pooled,True,e0r1,115811,0.9899307299035511,0.7384995631603211,0.9121364642695196,0.9057189211957032,0.9937042351885886,0.9250836515557426,0.00019502449697949867,0.0002238764590091214,0.9079979827435367,0.7384995631603211
ltown,0.0005,pooled,True,e1r0,110811,0.9849542682942998,0.6590904133808517,0.8662341746870791,0.9121045179479461,0.9865326653379761,0.894959015154004,0.00025187409094053984,0.00031929498189352555,0.8817832079296305,0.6590904133808517
ltown,0.0005,pooled,True,e1r0,111811,0.9889245771021904,0.6866850471438997,0.8982008285773931,0.8713980224900499,0.978672396034201,0.8944032943265019,0.00022222661578916148,0.0003271657726295058,0.8847761742695468,0.6866850471438997
ltown,0.0005,pooled,True,e1r0,112811,0.985665745763134,0.6883678956064242,0.8333486330855514,0.901404310364498,0.9849505285136594,0.890178226397754,0.00023349917696045345,0.0003177724222532214,0.8787474226666534,0.6883678956064242
ltown,0.0005,pooled,True,e1r0,113811,0.9832722847472591,0.6954281513757365,0.9175258075155747,0.8974439779008199,0.9825733774479911,0.9132744720930731,0.000242418321046953,0.00032483292244047947,0.8952487197974763,0.6954281513757365
ltown,0.0005,pooled,True,e1r0,114811,0.9818077361108237,0.6792397913334577,0.8938843228168537,0.918880630843407,0.9796060503621701,0.9062251865641674,0.00021310429531213012,0.0003311289671019209,0.8906837062933425,0.6792397913334577
ltown,0.0005,pooled,True,e1r0,115811,0.9759495311563899,0.717881335853838,0.9062964769566646,0.9083335641349864,0.9758165449550273,0.9110615593987378,0.00023994883910214738,0.0003643479627011192,0.8968554906113813,0.717881335853838
ltown,0.0005,pooled,True,e1r1,110811,0.99472410742549,0.6528305959899541,0.8709903605897732,0.9138816639874671,0.994154469527826,0.905054324358539,0.0002010846651953281,0.00021786915189985138,0.885316239504102,0.6528305959899541
ltown,0.0005,pooled,True,e1r1,111811,0.9960707452493014,0.6882624537180452,0.8996279297045473,0.8723389418026257,0.9918674949246794,0.9040319319209432,0.00019006570579357704,0.00021263461460149636,0.8896335130798397,0.6882624537180452
ltown,0.0005,pooled,True,e1r1,112811,0.9943826031179857,0.6947033211238195,0.8338690310088435,0.903682943579697,0.9952529842502577,0.9020659100857347,0.0001809811702350593,0.00019621002654035273,0.8843781766161207,0.6947033211238195
ltown,0.0005,pooled,True,e1r1,113811,0.9936079473259564,0.6940750841466006,0.9253272686979764,0.8984614143661925,0.9948688148443524,0.9249630477007558,0.00019304167493988133,0.00021370587002663118,0.9012681058762156,0.6940750841466006
ltown,0.0005,pooled,True,e1r1,114811,0.9927097238923199,0.6696378413696139,0.8974309612055417,0.9210118268265525,0.996057176797228,0.9170431345109171,0.00017807345224712243,0.00020371831006759237,0.8953695060182513,0.6696378413696139
ltown,0.0005,pooled,True,e1r1,115811,0.9911924682185265,0.726256081006969,0.9126297851691848,0.907719979669071,0.9932561740420939,0.924128020090559,0.0002050664087480907,0.00024628720877577237,0.9062108976211691,0.726256081006969
ltown,0.0005,balanced,False,e0r0,110811,0.984719612180442,0.7052993428407669,0.8718362439749922,0.9285907367224571,0.980702428018632,0.8832835841108979,0.000478094339285284,0.000608554979962045,0.894229672747458,0.7052993428407669
ltown,0.0005,balanced,False,e0r0,111811,0.9759734440254965,0.7116946458759239,0.8985738861654812,0.8985607630406202,0.9773469491818579,0.8846192173211541,0.0004365448110876056,0.0006483157672615808,0.8924299376578758,0.7116946458759239
ltown,0.0005,balanced,False,e0r0,112811,0.9806069630132175,0.7329367073115364,0.8430244871033324,0.9305754710741388,0.9797722136422115,0.8827437664453536,0.0004502646753074234,0.0005805413270546124,0.8933831684288872,0.7329367073115364
ltown,0.0005,balanced,False,e0r0,113811,0.9799103894965224,0.7332249850553064,0.917416098010317,0.9182965831554414,0.9775736450595733,0.9028617868051093,0.0004677649293441206,0.0006138556720656855,0.9052843401554321,0.7332249850553064
ltown,0.0005,balanced,False,e0r0,114811,0.9787487190412764,0.7240789013297855,0.8984394888504307,0.9322668643058125,0.9782381510521073,0.8976930700080336,0.0004394778493610056,0.0006224854605016558,0.9023544249158825,0.7240789013297855
ltown,0.0005,balanced,False,e0r0,115811,0.9769112201082377,0.7418470789574899,0.9141799968557699,0.9202689733136248,0.9708817298529532,0.8997218003221025,0.0004796334173682792,0.0006769432661472918,0.9048177998176151,0.7418470789574899
ltown,0.0005,balanced,False,e0r1,110811,0.9956718456515975,0.7105313705288352,0.882710470779949,0.9369830727123647,0.992735850484316,0.8934563999788129,0.00046876566925044917,0.0005200672968468349,0.9037265220314126,0.7105313705288352
ltown,0.0005,balanced,False,e0r1,111811,0.9945173482235349,0.7320236220059284,0.9046497280580805,0.9134373544788925,0.9931862031341009,0.8999217319999855,0.0004246821803515293,0.0005013919584781748,0.9075628511801074,0.7320236220059284
ltown,0.0005,balanced,False,e0r1,112811,0.994939185343814,0.74744378446511,0.8459065139476521,0.938945729465146,0.9951612887484836,0.895039321640242,0.0004309565845995579,0.0004867117972838431,0.904479300394041,0.74744378446511
ltown,0.0005,balanced,False,e0r1,113811,0.9938293495371733,0.7404366868484175,0.9299353221320225,0.929326625002097,0.9946871350931605,0.915126105278841,0.0004719671970979139,0.0005133561548099184,0.9176430237225741,0.7404366868484175
ltown,0.0005,balanced,False,e0r1,114811,0.9908520169458858,0.7345759665431705,0.911252591419801,0.9392335085400288,0.9941332733704629,0.9088677488289368,0.00044452016768096883,0.0005228230409339687,0.9140094713638698,0.7345759665431705
ltown,0.0005,balanced,False,e0r1,115811,0.9919955728858673,0.7634738109396105,0.9219009988898552,0.9261791983093505,0.9930764105313673,0.9132386260380411,0.0004780478523521857,0.0005468685020377609,0.9193251983112102,0.7634738109396105
ltown,0.0005,balanced,False,e1r0,110811,0.977192021062479,0.6867490139806401,0.8723877107789796,0.9290018821239224,0.9779480705415153,0.8791103395269625,0.00047938998790123324,0.0006376658104385893,0.8886557396975073,0.6867490139806401
ltown,0.0005,balanced,False,e1r0,111811,0.9787867731751888,0.701890713423233,0.9051902249283631,0.8962603241524801,0.9728535071584047,0.8832966370147171,0.0004344358989567475,0.00066890823809894,0.8909963085675338,0.701890713423233
ltown,0.0005,balanced,False,e1r0,112811,0.9772100497535261,0.7084888615602464,0.8428970676315576,0.9286066739004012,0.9793401106450047,0.8786952335386303,0.0004453732923280975,0.0006263005558590763,0.8873085526981471,0.7084888615602464
ltown,0.0005,balanced,False,e1r0,113811,0.9789980328529279,0.7076915655993087,0.920297782603933,0.9179729019600035,0.9733178755930326,0.8999154320795931,0.00046907813801718096,0.0006517451452379749,0.8996556317218412,0.7076915655993087
ltown,0.0005,balanced,False,e1r0,114811,0.9755906988852336,0.7136785748555966,0.9028367620594534,0.9324573339673071,0.9752269974331194,0.8977075768264307,0.0004110816356643705,0.0006421404620405267,0.8999580734401421,0.7136785748555966
ltown,0.0005,balanced,False,e1r0,115811,0.9693511850778441,0.727775122093732,0.9103955302338523,0.9217009618542558,0.9705023915467269,0.8978122581261304,0.0004550571596188302,0.0007035127117469295,0.8999450381612822,0.727775122093732
ltown,0.0005,balanced,False,e1r1,110811,0.9929596764116301,0.6976228479218537,0.8807333899693583,0.930062871864065,0.9908502248798089,0.8886126828172386,0.0004843134526418405,0.0005501022806718409,0.8984458022093431,0.6976228479218537
ltown,0.0005,balanced,False,e1r1,111811,0.9927649966268776,0.726761256262667,0.9050970661813865,0.9108059672338978,0.9907069125066273,0.8967062458861775,0.0004470893717418955,0.0005256864465447222,0.9052272397622912,0.726761256262667
ltown,0.0005,balanced,False,e1r1,112811,0.9930074507341745,0.7375167759565411,0.848837796483998,0.9339852092578518,0.9930649309882428,0.8906350324890789,0.00045515605828674936,0.0005174490570363366,0.9012824326841619,0.7375167759565411
ltown,0.0005,balanced,False,e1r1,113811,0.9937036405245414,0.7247838759218399,0.928624224283347,0.9260401638840646,0.9938331269520578,0.9114446470712259,0.0004914026854592081,0.0005586386959182641,0.9133970063131701,0.7247838759218399
ltown,0.0005,balanced,False,e1r1,114811,0.9904288951406554,0.7276267858925997,0.9065599477482497,0.9367770877968008,0.9937523474711053,0.9083348541019266,0.0004251470499253206,0.0005140360990695323,0.9110290128098822,0.7276267858925997
ltown,0.0005,balanced,False,e1r1,115811,0.9912465441873767,0.7612540668575005,0.9203408156792343,0.9275866049612022,0.9911867057304441,0.9132323406997065,0.00046694889723953133,0.0005535686231020174,0.9183229474831517,0.7612540668575005
ltown,0.005,pooled,False,e0r0,110811,0.9838936961753979,0.6519324316313568,0.8610040589359919,0.9064878442112305,0.9831189409807023,0.8967801432512763,0.0001881281790358353,0.00025044555743312713,0.8772873943869359,0.6519324316313568
ltown,0.005,pooled,False,e0r0,111811,0.9828574334870585,0.675656325034533,0.8882057787599485,0.8596461316120081,0.9735657209496993,0.8907407231185269,0.00017213995268128407,0.0002825101898024233,0.8759862779686495,0.675656325034533
ltown,0.005,pooled,False,e0r0,112811,0.9811146486982022,0.6810866070599624,0.822806268347847,0.8928189948843203,0.9819608700792717,0.8913430574290911,0.00016501981524989046,0.00022486732134718867,0.8719574778139206,0.6810866070599624
ltown,0.005,pooled,False,e0r0,113811,0.9779956846268766,0.6952100897169261,0.9087638805893187,0.8854657142100454,0.9799803858454549,0.9119515393871609,0.0001835865724938463,0.00024997810958790807,0.8894831509977243,0.6952100897169261
ltown,0.005,pooled,False,e0r0,114811,0.980724074522456,0.6669085707254155,0.8847792247295764,0.9080952505113689,0.9787493402253219,0.9047701286031038,0.00016268111211249783,0.0002529714315708809,0.8838512921428276,0.6669085707254155
ltown,0.005,pooled,False,e0r0,115811,0.9770323952582279,0.7098001293056599,0.9009998902390887,0.8998395480210414,0.9732027023190092,0.9109701594236568,0.00018973928025918703,0.0002934190948829559,0.8921749330286053,0.7098001293056599
ltown,0.005,pooled,False,e0r1,110811,0.9958514403476547,0.6703498402704103,0.873298994005865,0.9135485800606516,0.9954924340985832,0.9080728906711961,0.00019356990322282226,0.0002033137366615792,0.889708257756633,0.6703498402704103
ltown,0.005,pooled,False,e0r1,111811,0.9964650431368534,0.6988256887544538,0.9000232684466698,0.8758652336476681,0.9933256302414102,0.9077726648101819,0.00017082188259949784,0.00018810875045812466,0.892900972845411,0.6988256887544538
ltown,0.005,pooled,False,e0r1,112811,0.9955718525824468,0.7015570066730689,0.8323523344380915,0.9077197373482013,0.9945377894413818,0.9049353935316365,0.00016501981524989046,0.00017933919975890897,0.886347744096638,0.7015570066730689
ltown,0.005,pooled,False,e0r1,113811,0.9931727840718816,0.7055752406439765,0.9252363105388509,0.8991844978451425,0.9954401234397979,0.9268717160358504,0.0001820107220861738,0.0001859818652664196,0.9037217913079298,0.7055752406439765
ltown,0.005,pooled,False,e0r1,114811,0.9936041628271118,0.6785271650698353,0.8988412287745379,0.9204947657390888,0.9944316358333465,0.9181849200881103,0.0001695811266556054,0.00018753183821205156,0.8971797916487841,0.6785271650698353
ltown,0.005,pooled,False,e0r1,115811,0.9899307299035511,0.7384995631603211,0.9121364642695196,0.9057189211957032,0.9937042351885886,0.9250836515557426,0.00019502449697949867,0.0002238764590091214,0.9079979827435367,0.7384995631603211
ltown,0.005,pooled,False,e1r0,110811,0.9849542682942998,0.6590904133808517,0.8662341746870791,0.9121045179479461,0.9865326653379761,0.894959015154004,0.00025187409094053984,0.00031929498189352555,0.8817832079296305,0.6590904133808517
ltown,0.005,pooled,False,e1r0,111811,0.9889245771021904,0.6866850471438997,0.8982008285773931,0.8713980224900499,0.978672396034201,0.8944032943265019,0.00022222661578916148,0.0003271657726295058,0.8847761742695468,0.6866850471438997
ltown,0.005,pooled,False,e1r0,112811,0.985665745763134,0.6883678956064242,0.8333486330855514,0.901404310364498,0.9849505285136594,0.890178226397754,0.00023349917696045345,0.0003177724222532214,0.8787474226666534,0.6883678956064242
ltown,0.005,pooled,False,e1r0,113811,0.9832722847472591,0.6954281513757365,0.9175258075155747,0.8974439779008199,0.9825733774479911,0.9132744720930731,0.000242418321046953,0.00032483292244047947,0.8952487197974763,0.6954281513757365
ltown,0.005,pooled,False,e1r0,114811,0.9818077361108237,0.6792397913334577,0.8938843228168537,0.918880630843407,0.9796060503621701,0.9062251865641674,0.00021310429531213012,0.0003311289671019209,0.8906837062933425,0.6792397913334577
ltown,0.005,pooled,False,e1r0,115811,0.9759495311563899,0.717881335853838,0.9062964769566646,0.9083335641349864,0.9758165449550273,0.9110615593987378,0.00023994883910214738,0.0003643479627011192,0.8968554906113813,0.717881335853838
ltown,0.005,pooled,False,e1r1,110811,0.99472410742549,0.6528305959899541,0.8709903605897732,0.9138816639874671,0.994154469527826,0.905054324358539,0.0002010846651953281,0.00021786915189985138,0.885316239504102,0.6528305959899541
ltown,0.005,pooled,False,e1r1,111811,0.9960707452493014,0.6882624537180452,0.8996279297045473,0.8723389418026257,0.9918674949246794,0.9040319319209432,0.00019006570579357704,0.00021263461460149636,0.8896335130798397,0.6882624537180452
ltown,0.005,pooled,False,e1r1,112811,0.9943826031179857,0.6947033211238195,0.8338690310088435,0.903682943579697,0.9952529842502577,0.9020659100857347,0.0001809811702350593,0.00019621002654035273,0.8843781766161207,0.6947033211238195
ltown,0.005,pooled,False,e1r1,113811,0.9936079473259564,0.6940750841466006,0.9253272686979764,0.8984614143661925,0.9948688148443524,0.9249630477007558,0.00019304167493988133,0.00021370587002663118,0.9012681058762156,0.6940750841466006
ltown,0.005,pooled,False,e1r1,114811,0.9927097238923199,0.6696378413696139,0.8974309612055417,0.9210118268265525,0.996057176797228,0.9170431345109171,0.00017807345224712243,0.00020371831006759237,0.8953695060182513,0.6696378413696139
ltown,0.005,pooled,False,e1r1,115811,0.9911924682185265,0.726256081006969,0.9126297851691848,0.907719979669071,0.9932561740420939,0.924128020090559,0.0002050664087480907,0.00024628720877577237,0.9062108976211691,0.726256081006969
ltown,0.005,balanced,False,e0r0,110811,0.9838231888893315,0.7015515915751664,0.8734780048065823,0.9295273423939445,0.979692914451904,0.8755019894575303,0.0005690488721249233,0.0007310052986332234,0.8936146084233858,0.7015515915751664
ltown,0.005,balanced,False,e0r0,111811,0.9740942873059137,0.7117195810977335,0.9009245242321052,0.9037265491922836,0.9765882092283992,0.8787394914692443,0.0005296005588617147,0.0007799687549745857,0.893410630211287,0.7117195810977335
ltown,0.005,balanced,False,e0r0,112811,0.9787548931093761,0.7311694279230853,0.8449581746793687,0.9330217131730137,0.9789185820401869,0.8758852843982727,0.000533160744746526,0.0006944771846334038,0.8933645581850063,0.7311694279230853
ltown,0.005,balanced,False,e0r0,113811,0.9787019891105131,0.728959384401414,0.9187164065438954,0.9205186635547126,0.9756287802240506,0.8966187296089233,0.000554174060031496,0.0007302964920585744,0.9045050447669171,0.728959384401414
ltown,0.005,balanced,False,e0r0,114811,0.9771996129581257,0.7265185650363576,0.9009483921855929,0.9333062223253327,0.9777273401634184,0.8922644788143851,0.0005251972608003803,0.0007443464700426561,0.9031400265337653,0.7265185650363576
ltown,0.005,balanced,False,e0r0,115811,0.9761028010901267,0.7371638433118693,0.915477185258724,0.9224888086197262,0.9704589048430635,0.8937774278973881,0.0005723889708097481,0.0007984695999334609,0.9043383086247019,0.7371638433118693
ltown,0.005,balanced,False,e0r1,110811,0.995484477812841,0.7090011426657705,0.8842257672848285,0.9367352377873329,0.9919772402021474,0.888730643789671,0.0005226646516739391,0.0005891477596443488,0.9034847731505842,0.7090011426657705
ltown,0.005,balanced,False,e0r1,111811,0.9943227645290564,0.732229312777695,0.9055522202573556,0.9156034557919067,0.9930262066723786,0.8966422663587235,0.0004742416154266922,0.0005710361576022775,0.9081467920056784,0.732229312777695
ltown,0.005,balanced,False,e0r1,112811,0.9945108860447177,0.7439760352992603,0.848059077606667,0.9406739800759226,0.9946602294773829,0.8904755862795408,0.00048450435616270493,0.0005576617126523805,0.90437604170079,0.7439760352992603
ltown,0.005,balanced,False,e0r1,113811,0.9939736969887413,0.7404706045980424,0.9313115243158577,0.9292168705971363,0.9941158636169148,0.9115368779010952,0.0005250208274895548,0.0005794316994884228,0.9178177120233384,0.7404706045980424
ltown,0.005,balanced,False,e0r1,114811,0.9904095105024574,0.7363984452069499,0.9122453960801717,0.9390039485703915,0.9937347067209932,0.9055632416995576,0.0004925548843079868,0.0005884938696050201,0.9143584014161927,0.7363984452069499
ltown,0.005,balanced,False,e0r1,115811,0.9922625533703832,0.7619585157382206,0.922793278004845,0.9273434386846837,0.9931507353233243,0.9094452739635995,0.0005396206271438159,0.0006194146404576414,0.9195017042242913,0.7619585157382206
ltown,0.005,balanced,False,e1r0,110811,0.9762969388835497,0.685400524861889,0.871700525661019,0.9283690709389806,0.9763874536558209,0.8756638050958591,0.0005110038141303957,0.0006834114011874446,0.8876309028002519,0.685400524861889
ltown,0.005,balanced,False,e1r0,111811,0.9769034113018508,0.7015954160904058,0.9045510755407872,0.8975838690580037,0.9718480492729763,0.8805623505507771,0.0004652787388705457,0.0007205051032307504,0.8904963642528047,0.7015954160904058
ltown,0.005,balanced,False,e1r0,112811,0.9760745328896063,0.7070765241563136,0.8430795757856694,0.9292146634303773,0.9774885716525566,0.8754002508779336,0.00047729600229843514,0.0006727531063120927,0.8865867735829046,0.7070765241563136
ltown,0.005,balanced,False,e1r0,113811,0.978538698199542,0.7106564628680033,0.9200958870094086,0.9189250897542891,0.9721235183532512,0.8973348798494079,0.0005068985478013209,0.0007028035206713645,0.9000679312368988,0.7106564628680033
ltown,0.005,balanced,False,e1r0,114811,0.9739646087387088,0.7140126876209975,0.9019592777543171,0.9331187412776413,0.9736948095412573,0.8949502982210537,0.0004416009307588848,0.0006920872894804813,0.8993500249865843,0.7140126876209975
ltown,0.005,balanced,False,e1r0,115811,0.9688667956886099,0.7264163492718007,0.9097788917501138,0.922066360100905,0.9691197663723724,0.8948428754569472,0.0004912608941529648,0.0007554964096592641,0.8992496326367604,0.7264163492718007
ltown,0.005,balanced,False,e1r1,110811,0.9928703997878506,0.6980284940787468,0.8817654760923225,0.9298195403421753,0.9902857681788187,0.8824476631477962,0.0005597202020900885,0.0006395141171355129,0.8985539356959827,0.6980284940787468
ltown,0.005,balanced,False,e1r1,111811,0.9920862075690887,0.7288558537884186,0.9050175380772588,0.9131171456665889,0.9903915027950599,0.8920160239999243,0.0005166834720602094,0.0006205506380426695,0.905893649579283,0.7288558537884186
ltown,0.005,balanced,False,e1r1,112811,0.9922597972101478,0.7400356337516613,0.8502108383262624,0.9344671000904268,0.9925717277410687,0.8848019998309206,0.0005259523908822561,0.0006068875496996069,0.9019090194239133,0.7400356337516613
ltown,0.005,balanced,False,e1r1,113811,0.9932838720175149,0.7244310765262133,0.9287684853190048,0.9275773752000016,0.9932592097739935,0.9062383910220114,0.0005673061467621001,0.0006478175778969448,0.9134640037673455,0.7244310765262133
ltown,0.005,balanced,False,e1r1,114811,0.989810559029283,0.734061374076767,0.9062618305964006,0.9359344806104412,0.9931156321708047,0.9032579486925177,0.0004989241285016247,0.0006044491061483388,0.9118367752967392,0.734061374076767
ltown,0.005,balanced,False,e1r1,115811,0.9910774904102871,0.7562775939164462,0.9203486677359513,0.9281180425501167,0.9912663752752208,0.908109452932786,0.0005388278446357693,0.0006420564288816805,0.9174176339776045,0.7562775939164462
