network,calibration_cap_rate,objective,primary,effect,source_seed,random,replay,drift,noise,targeted,pooled_f1,clean_fpr,all_negative_fpr,family_macro_f1,worst_family_f1
modena,0.0005,pooled,True,exclusion_when_irls_on,40811,-0.005426546774189411,-0.025026233593591168,0.0018698238413128454,-0.026948212356266876,-0.0015019627902855825,-0.009900307021969942,1.056325541423427e-05,2.3989396686664467e-05,-0.011406626334604023,0.0018698238413128454
modena,0.0005,pooled,True,exclusion_when_irls_on,41811,0.0036030106453391886,-0.001215254779350472,-0.0018040756200042123,-0.007603096344458919,-0.0022899535764032697,-0.004451627911601659,3.901946382666178e-05,2.7995464734712975e-05,-0.0018618739349754998,-0.0018040756200042123
modena,0.0005,pooled,True,exclusion_when_irls_on,42811,0.003365449391575385,-0.0010599216066735269,0.006161192329588412,-0.024802935652606828,0.0012758587817115845,0.0024712635534744156,-6.827989293712791e-05,-3.9419425358315874e-05,-0.0030120713512810093,0.006161192329588412
modena,0.0005,pooled,True,exclusion_when_irls_on,43811,0.0024249049900279354,-0.002964508440928474,0.004736501927634788,-0.02584555356121517,-0.0042942215314522025,-0.00349535722872385,-7.692775176337479e-07,-1.3345958610178578e-05,-0.00518857532318658,-0.02584555356121517
modena,0.0005,pooled,True,exclusion_when_irls_on,44811,-8.400981895884119e-05,-0.0021707107244360127,-0.01521084456416836,-0.009155340654559882,-0.0007891159364930381,-0.0012704660236755687,-5.3989726743544976e-05,-6.342479188322897e-05,-0.005482004339723197,-0.01521084456416836
modena,0.0005,pooled,True,exclusion_when_irls_on,45811,-0.009049739678030208,-0.022032006651630298,0.000525889694588777,-0.009646317610943478,0.0050272005350327316,-0.008801314131586876,6.170398996281764e-05,0.00010205000450220612,-0.007034994742196488,0.000525889694588777
modena,0.0005,pooled,True,exclusion_when_irls_off,40811,-0.008035253364531925,-0.02384616899667476,-0.009969583189209152,-0.012626307427647143,-0.011262829530280497,-0.012746297623868993,0.0,6.463809662795711e-05,-0.013148028501668704,-0.02384616899667476
modena,0.0005,pooled,True,exclusion_when_irls_off,41811,-0.01138864424323834,-0.0024893888826252506,-0.007164987648533683,0.009345262599650775,0.005884937092294133,-0.0015624392905040363,2.5247888358428195e-05,4.399287315454896e-05,-0.0011625642164904877,-0.0024893888826252506
modena,0.0005,pooled,True,exclusion_when_irls_off,42811,-0.012578183169483004,-0.0054623785931288875,-0.002291378145923284,0.011425081234863596,0.01603342707270176,0.0011641783831321713,1.5931975018663172e-05,4.610068389362368e-05,0.0014253136798060284,-0.0054623785931288875
modena,0.0005,pooled,True,exclusion_when_irls_off,43811,-0.0049305422456024095,-0.01922301144845114,-0.005539557972430405,-0.010032158934184373,-0.009426198985574804,-0.008869435576520904,-2.307832552901289e-06,9.809279578481239e-05,-0.009830293917248656,-0.01922301144845114
modena,0.0005,pooled,True,exclusion_when_irls_off,44811,-0.014207988028950255,-0.027704193941922212,-0.009992739048008977,-0.012487212028085004,-0.0023854586658779895,-0.013690243710154112,1.1406280297932047e-05,9.947677884843276e-05,-0.01335551834256891,-0.027704193941922212
modena,0.0005,pooled,True,exclusion_when_irls_off,45811,-0.011107792892743254,0.011055303531122607,-0.0018668382572334015,-0.004814557303461846,-0.0011089439203517681,-0.0027970900638738527,5.33244357703362e-06,2.5345752752181882e-05,-0.0015685657685334808,0.011055303531122607
modena,0.0005,pooled,True,irls_when_exclusion_on,40811,0.04017544212667586,0.34638124708127144,0.04405956165203558,0.04858137993636158,0.03411711831235479,0.07239703116519362,0.00016901208662774858,-0.000437806489531627,0.10266294982173985,0.22986615918757233
modena,0.0005,pooled,True,irls_when_exclusion_on,41811,0.03861364279877366,0.30307802106950305,0.019857292602993255,0.040736924716700616,0.018409649816913027,0.05851539575142972,0.00023335169543395765,-0.0004199319710206947,0.08413910620097675,0.2393117872036297
modena,0.0005,pooled,True,irls_when_exclusion_on,42811,0.04835135973401091,0.30573344260035445,0.02407614606975465,0.03806655170973879,0.014326960545918052,0.046633732820130024,0.0002488422764819771,-0.00016970396679681754,0.08611089213195537,0.1391035777035091
modena,0.0005,pooled,True,irls_when_exclusion_on,43811,0.036273016927510504,0.3218605069910742,0.02520652977457294,0.06855732297255408,0.04191904356720159,0.07498110824595834,0.0001492398384209502,-0.0006152486919292317,0.09876328404658274,0.13812687381318456
modena,0.0005,pooled,True,irls_when_exclusion_on,44811,0.05697975023646662,0.2985182706262243,0.019213865908076572,0.046669390534444154,0.03181715907926497,0.07180526405349037,0.0001642504362902214,-0.00048069315953605096,0.09063968727689535,0.1316641490835834
modena,0.0005,pooled,True,irls_when_exclusion_on,45811,0.014273919906419538,0.255686459422172,0.030044698345781534,0.04199996571821696,0.03575736585057258,0.03911751121582174,0.0002277715185047219,-0.00015140752301961294,0.07555248184863254,0.1738871196941919
modena,0.0005,pooled,True,irls_when_exclusion_off,40811,0.03756673553633335,0.34756131167818777,0.032220154621513585,0.06290328486498131,0.024356251572359877,0.06955104056329457,0.00015844883121351433,-0.00039715778959033434,0.10092154765467516,0.20415016634958472
modena,0.0005,pooled,True,irls_when_exclusion_off,41811,0.023621987910196134,0.30180388696622823,0.014496380574463785,0.057685283660810306,0.02658454048561043,0.06140458437252735,0.00021958011996572405,-0.00040393456260085864,0.08483841591946177,0.23862647394100867
modena,0.0005,pooled,True,irls_when_exclusion_off,42811,0.03240772717295252,0.3013309856138991,0.015623575594242952,0.07429456859720922,0.029084528836908225,0.04532664764978778,0.00033305414443776817,-8.4183857544878e-05,0.09054827716304241,0.12748000678079177
modena,0.0005,pooled,True,irls_when_exclusion_off,43811,0.028917569691880158,0.3056020039835516,0.014930469874507746,0.08437071759958488,0.03678706611307899,0.0696070298981613,0.00014770128338568265,-0.0005038099375342407,0.09412156545252066,0.1447494159259486
modena,0.0005,pooled,True,irls_when_exclusion_off,44811,0.042855772026475204,0.27298478740873816,0.02443197142423596,0.043337519160919026,0.030220816349880015,0.05938548636701183,0.00022964644333169844,-0.00031779158880438925,0.08276617327404963,0.11917079970582956
modena,0.0005,pooled,True,irls_when_exclusion_off,45811,0.01221586669170649,0.2887737696049249,0.027651970393959353,0.04683172602569859,0.02962122139518808,0.04512173528353477,0.00017139997211893787,-0.00022811177476963714,0.08101891082229555,0.18441653353072573
modena,0.0005,pooled,True,interaction,40811,0.0026087065903425133,-0.0011800645969164043,0.011839407030521998,-0.014321904928619733,0.009760866739994914,0.002845990601899051,1.056325541423427e-05,-4.064869994129265e-05,0.00174140216706468,0.025715992837987606
modena,0.0005,pooled,True,interaction,41811,0.01499165488857753,0.0012741341032747784,0.00536091202852947,-0.016948358944109693,-0.008174890668697402,-0.0028891886210976234,1.3771575468233581e-05,-1.5997408419835982e-05,-0.000699309718485012,0.0006853132626210382
modena,0.0005,pooled,True,interaction,42811,0.01594363256105839,0.004402456986455361,0.008452570475511697,-0.036228016887470425,-0.014757568290990175,0.0013070851703422444,-8.421186795579106e-05,-8.552010925193955e-05,-0.004437385031087038,0.0116235709227173
modena,0.0005,pooled,True,interaction,43811,0.007355447235630345,0.016258503007522667,0.010276059900065193,-0.015813394627030797,0.005131977454122601,0.005374078347797055,1.5385550352675409e-06,-0.00011143875439499097,0.004641718594062076,-0.006622542112764029
modena,0.0005,pooled,True,interaction,44811,0.014123978209991414,0.025533483217486202,-0.005218105516159384,0.003331871373525123,0.0015963427293849513,0.012419777686478542,-6.539600704147702e-05,-0.00016290157073166168,0.007873514002845713,0.012493349377753852
modena,0.0005,pooled,True,interaction,45811,0.002058053214713048,-0.033087310182752905,0.0023927279518221787,-0.004831760307481632,0.0061361444553845,-0.0060042240677130225,5.637154638578403e-05,7.670425175002423e-05,-0.005466428973663007,-0.01052941383653383
modena,0.0005,pooled,True,exclusion_main_effect,40811,-0.006730900069360668,-0.024436201295132964,-0.0040498796739481535,-0.01978725989195701,-0.00638239616028304,-0.011323302322919468,5.281627707117135e-06,4.4313746657310796e-05,-0.012277327418136363,-0.010988172577680958
modena,0.0005,pooled,True,exclusion_main_effect,41811,-0.0038928167989495757,-0.0018523218309878613,-0.004484531634268947,0.0008710831275959285,0.0017974917579454315,-0.003007033601052848,3.2133676092544985e-05,3.5994168944630964e-05,-0.0015122190757329939,-0.0021467322513147313
modena,0.0005,pooled,True,exclusion_main_effect,42811,-0.00460636688895381,-0.0032611500999012075,0.0019349070918325644,-0.006688927208871616,0.008654642927206671,0.0018177209683032935,-2.617395895923237e-05,3.340629267653904e-06,-0.0007933788357374905,0.0003494068682297624
modena,0.0005,pooled,True,exclusion_main_effect,43811,-0.001252818627787237,-0.011093759944689807,-0.00040152802239780866,-0.01793885624769977,-0.006860210258513503,-0.006182396402622377,-1.5385550352675182e-06,4.237341858731691e-05,-0.007509434620217618,-0.022534282504833154
modena,0.0005,pooled,True,exclusion_main_effect,44811,-0.007145998923954548,-0.014937452333179113,-0.012601791806088669,-0.010821276341322442,-0.0015872873011855138,-0.00748035486691484,-2.1291723222806465e-05,1.8025993482601895e-05,-0.009418761341146054,-0.021457519253045287
modena,0.0005,pooled,True,exclusion_main_effect,45811,-0.010078766285386731,-0.005488351560253846,-0.0006704742813223122,-0.007230437457202661,0.0019591283073404817,-0.005799202097730364,3.351821676992563e-05,6.3697878627194e-05,-0.004301780255364984,0.005790596612855692
modena,0.0005,pooled,True,irls_main_effect,40811,0.038871088831504606,0.34697127937972966,0.03813985813677458,0.055742332400671446,0.029236684942357333,0.0709740358642441,0.00016373045892063148,-0.00041748213956098066,0.10179224873820751,0.2170081627685785
modena,0.0005,pooled,True,irls_main_effect,41811,0.031117815354484896,0.30244095401786564,0.01717683658872852,0.04921110418875546,0.02249709515126173,0.05995999006197853,0.00022646590769984085,-0.0004119332668107767,0.08448876106021926,0.23896913057231917
modena,0.0005,pooled,True,irls_main_effect,42811,0.040379543453481714,0.3035322141071268,0.0198498608319988,0.056180560153474,0.021705744691413138,0.0459801902349589,0.0002909482104598727,-0.00012694391217084777,0.08832958464749889,0.13329179224215043
modena,0.0005,pooled,True,irls_main_effect,43811,0.03259529330969533,0.3137312554873129,0.020068499824540342,0.07646402028606948,0.03935305484014029,0.07229406907205982,0.00014847056090331644,-0.0005595293147317362,0.09644242474955171,0.14143814486956657
modena,0.0005,pooled,True,irls_main_effect,44811,0.049917761131470915,0.28575152901748124,0.021822918666156266,0.04500345484768159,0.031018987714572493,0.0655953752102511,0.00019694843981095993,-0.00039924237417022015,0.08670293027547249,0.1254174743947065
modena,0.0005,pooled,True,irls_main_effect,45811,0.013244893299063013,0.27223011451354845,0.028848334369870443,0.04441584587195777,0.03268929362288033,0.04211962324967825,0.00019958574531182987,-0.00018975964889462505,0.07828569633546405,0.17915182661245885
modena,0.0005,balanced,False,exclusion_when_irls_on,40811,-0.003430460101013851,-0.028072178089961947,0.0010625492848207092,-0.017710358555253197,-0.005328506337873333,-0.008866456889635313,1.056325541423427e-05,2.199028029610913e-05,-0.010695790759856383,0.0010625492848207092
modena,0.0005,balanced,False,exclusion_when_irls_on,41811,0.0061978919543640805,0.0009194961712580089,0.00028203331336377574,-0.012345299040548374,-0.0001407444103376602,-0.0032651874787510047,3.289876361855799e-05,1.1331497630717146e-05,-0.0010173244023800043,0.00028203331336377574
modena,0.0005,balanced,False,exclusion_when_irls_on,42811,0.005306172438998928,-0.003681260076728458,0.0033067177378494814,-0.02388966714145894,0.00303479185660005,0.005529455265815312,-0.00011152382513064222,-7.817072486310103e-05,-0.0031846490369478175,0.0033067177378494814
modena,0.0005,balanced,False,exclusion_when_irls_on,43811,0.002047021345457719,-0.003461919897187434,0.002884196368555081,-0.0327426450047957,0.0009513106538491245,-0.0019062880915047264,-4.53873735403921e-05,-4.070517376104462e-05,-0.006064407306824338,-0.0327426450047957
modena,0.0005,balanced,False,exclusion_when_irls_on,44811,-0.006169276566127979,0.003110323946802921,-0.00921429103759371,-0.0007837941817302463,-0.003196268258311948,0.0008000109879516085,-6.311475098189063e-05,-9.413574374247664e-05,-0.0032506612193921405,-0.00921429103759371
modena,0.0005,balanced,False,exclusion_when_irls_on,45811,-0.007705603757037475,-0.024312680223257166,0.00039985861710123416,-0.013363530443684843,0.007225088088791705,-0.0070242694340390726,3.6565327385373415e-05,8.337418668480893e-05,-0.007551373543617383,0.00039985861710123416
modena,0.0005,balanced,False,exclusion_when_irls_off,40811,-0.010797864722158304,-0.013864564331747023,-0.01578657179400263,-0.022977040241727347,-0.013998204776290954,-0.01464365260056133,-4.527109463243267e-06,1.3993814733887646e-05,-0.01548484917318523,-0.013864564331747023
modena,0.0005,balanced,False,exclusion_when_irls_off,41811,-0.01180799118285584,0.0020816382664359256,-0.0021202483508983017,-0.0007140658527732269,0.0008085604423206568,-0.0027360549523195443,1.2241400416207617e-05,1.333117368319644e-06,-0.002350421335554076,0.0020816382664359256
modena,0.0005,balanced,False,exclusion_when_irls_off,42811,-0.0123099447898433,0.005711124503577285,-0.013128282552181644,-0.006688540848474922,0.01620260017635211,-6.176382531930535e-05,-1.7449305972821564e-05,-3.4074418530069637e-05,-0.002042608702114146,-0.01406047340173692
modena,0.0005,balanced,False,exclusion_when_irls_off,43811,-0.01065876651280103,-0.01431840584106995,-0.00635721027817752,-0.002906330534372096,-0.02052055116462929,-0.010246898992571807,-9.231330211605172e-06,4.537625927460712e-05,-0.010952252866210007,-0.002906330534372096
modena,0.0005,balanced,False,exclusion_when_irls_off,44811,-0.010383819757094903,-0.0326357912507614,-0.02070281612173182,-0.0006887546295768118,0.0011000439020810715,-0.011166219790234503,-1.5208373730576093e-06,5.6748498000783785e-05,-0.012662227571416773,-0.02070281612173182
modena,0.0005,balanced,False,exclusion_when_irls_off,45811,-0.012918598093395092,0.02568180603485622,-0.007087196462070677,0.0027199617294110245,-0.005806074131860961,-0.0020137800536764727,-9.903109500205298e-06,-3.668464214131591e-05,0.0005179798153881107,0.006385780399047951
modena,0.0005,balanced,False,irls_when_exclusion_on,40811,0.09051768859140401,0.25095657878688055,0.10349104373513114,0.14832858519635997,0.08874801860608857,0.09741245015114437,0.00037650460369306505,2.065753603573886e-05,0.13640838298317282,0.15076592974697764
modena,0.0005,balanced,False,irls_when_exclusion_on,41811,0.09652305519141173,0.22165119703063815,0.06645257967343694,0.11147145576045554,0.06757551154084052,0.07260465412146803,0.0004957767168564084,0.0001439766757785239,0.11273475983935662,0.16807783803527976
modena,0.0005,balanced,False,irls_when_exclusion_on,42811,0.10045876361775492,0.207133540405114,0.08514018965284535,0.11785397297794598,0.0606985875431982,0.06417008567385625,0.0005212031827534094,0.00036212421261368156,0.11425701083937163,0.08738407550497662
modena,0.0005,balanced,False,irls_when_exclusion_on,43811,0.07992025126505937,0.226909411352999,0.07469768584156448,0.167746127492953,0.09884200018560074,0.09304569800457492,0.00035617549066443267,-3.203030066442856e-05,0.12962309522763535,0.167746127492953
modena,0.0005,balanced,False,irls_when_exclusion_on,44811,0.0947578684223197,0.2171954362685845,0.07821362779869967,0.11317033013052746,0.06719616208621286,0.07935034966537695,0.0004037823225467943,6.14219037184954e-05,0.11410668494126881,0.07821362779869967
modena,0.0005,balanced,False,irls_when_exclusion_on,45811,0.057865482455513595,0.1577308869337344,0.08146313596301247,0.1129811726983267,0.08551333381234812,0.059381111178245884,0.00045401948170171986,0.00031281994844140293,0.09911080237258703,0.1054066902156553
modena,0.0005,balanced,False,irls_when_exclusion_off,40811,0.08315028397025954,0.2651641925450955,0.08664192265630781,0.14306190350988582,0.08007832016767095,0.09163525444021836,0.0003614142388155875,1.2661070473517377e-05,0.13161932456984396,0.1358388161304099
modena,0.0005,balanced,False,irls_when_exclusion_off,41811,0.0785171720541918,0.22281333912581605,0.06405029800917487,0.12310268894823069,0.06852481639349883,0.07313378664789949,0.000475119353654058,0.0001339782955161264,0.11140166290618254,0.16987744298835192
modena,0.0005,balanced,False,irls_when_exclusion_off,42811,0.0828426463889127,0.21652592498541975,0.06870518936281422,0.13505509927092998,0.07386639586295025,0.058578866582721635,0.0006152777019112301,0.00040622051894671296,0.1153990511742053,0.07001688436539022
modena,0.0005,balanced,False,irls_when_exclusion_off,43811,0.06721446340680064,0.21605292540911647,0.06545627919483188,0.1975824419633766,0.07737013836712232,0.08470508710350784,0.0003923315339932196,5.4051132371223176e-05,0.12473524966824967,0.1975824419633766
modena,0.0005,balanced,False,irls_when_exclusion_off,44811,0.09054332523135278,0.1814493210710202,0.06672510271456156,0.1132653696826809,0.07149247424660587,0.06738411888719083,0.0004653762361556273,0.00021230614546175584,0.10469511858924418,0.06672510271456156
modena,0.0005,balanced,False,irls_when_exclusion_off,45811,0.05265248811915598,0.2077253731918478,0.07397608088384056,0.12906466487142257,0.07248217159169545,0.06439160055860849,0.00040755104481614117,0.0001927611196152781,0.10718015573159252,0.11139261199760202
modena,0.0005,balanced,False,interaction,40811,0.007367404621144454,-0.014207613758214924,0.016849121078823342,0.005266681686474151,0.00866969843841762,0.005777195710926016,1.5090364877477527e-05,7.996465562221483e-06,0.0047890584133288465,0.014927113616567733
modena,0.0005,balanced,False,interaction,41811,0.01800588313721992,-0.0011621420951779167,0.0024022816642620772,-0.011631233187775147,-0.000949304852658317,-0.0005291325264314602,2.06573632023504e-05,9.998380262397501e-06,0.0013330969331740716,-0.0017996049530721499
modena,0.0005,balanced,False,interaction,42811,0.017616117228842227,-0.009392384580305743,0.016435000290031126,-0.01720112629298402,-0.013167808319752061,0.005591219091134618,-9.407451915782066e-05,-4.409630633303138e-05,-0.0011420403348336716,0.017367191139586402
modena,0.0005,balanced,False,interaction,43811,0.012705787858258747,0.010856485943882518,0.0092414066467326,-0.029836314470423602,0.021471861818478415,0.00834061090106708,-3.615604332878693e-05,-8.608143303565173e-05,0.004887845559385669,-0.029836314470423602
modena,0.0005,balanced,False,interaction,44811,0.004214543190966924,0.03574611519756432,0.011488525084138113,-9.503955215343456e-05,-0.004296312160393019,0.011966230778186112,-6.159391360883301e-05,-0.00015088424174326045,0.009411566352024633,0.011488525084138113
modena,0.0005,balanced,False,interaction,45811,0.0052129943363576165,-0.04999448625811339,0.0074870550791719115,-0.016083492173095865,0.013031162220652667,-0.0050104893803626,4.646843688557872e-05,0.00012005882882612485,-0.008069353359005493,-0.0059859217819467165
modena,0.0005,balanced,False,exclusion_main_effect,40811,-0.007114162411586078,-0.020968371210854486,-0.007362011254590961,-0.020343699398490272,-0.009663355557082143,-0.011755054745098322,3.0180729754954997e-06,1.799204751499839e-05,-0.013090319966520806,-0.006401007523463158
modena,0.0005,balanced,False,exclusion_main_effect,41811,-0.0028050496142458803,0.0015005672188469672,-0.0009191075187672629,-0.0065296824466608006,0.0003339080159914983,-0.0030006212155352743,2.2570082017382803e-05,6.332307499518395e-06,-0.0016838728689670401,0.0011818357898998506
modena,0.0005,balanced,False,exclusion_main_effect,42811,-0.0035018861754221864,0.0010149322134244132,-0.004910782407166081,-0.015289103994966932,0.00961869601647608,0.0027338457202480035,-6.448656555173189e-05,-5.612257169658533e-05,-0.0026136288695309817,-0.00537687783194372
modena,0.0005,balanced,False,exclusion_main_effect,43811,-0.004305872583671655,-0.008890162869128693,-0.0017365069548112195,-0.017824487769583897,-0.009784620255390083,-0.006076593542038267,-2.7309351875998637e-05,2.3355427567812524e-06,-0.008508330086517172,-0.017824487769583897
modena,0.0005,balanced,False,exclusion_main_effect,44811,-0.008276548161611441,-0.01476273365197924,-0.014958553579662767,-0.000736274405653529,-0.0010481121781154383,-0.005183104401141447,-3.231779417747411e-05,-1.869362287084643e-05,-0.007956444395404457,-0.014958553579662767
modena,0.0005,balanced,False,exclusion_main_effect,45811,-0.010312100925216283,0.0006845629057995276,-0.0033436689224847216,-0.005321784357136909,0.0007095069784653721,-0.004519024743857773,1.333110894258406e-05,2.334477227174651e-05,-0.003516696864114636,0.0033928195080745924
modena,0.0005,balanced,False,irls_main_effect,40811,0.08683398628083178,0.25806038566598805,0.09506648319571948,0.1456952443531229,0.08441316938687976,0.09452385229568137,0.0003689594212543262,1.665930325462812e-05,0.1340138537765084,0.14330237293869377
modena,0.0005,balanced,False,irls_main_effect,41811,0.08752011362280177,0.22223226807822707,0.06525143884130591,0.11728707235434312,0.06805016396716967,0.07286922038468376,0.0004854480352552332,0.00013897748564732515,0.11206821137276958,0.16897764051181582
modena,0.0005,balanced,False,irls_main_effect,42811,0.09165070500333382,0.21182973269526686,0.07692268950782978,0.126454536124438,0.06728249170307422,0.061374476128288946,0.0005682404423323198,0.00038417236578019726,0.11482803100678847,0.07870047993518342
modena,0.0005,balanced,False,irls_main_effect,43811,0.07356735733593,0.22148116838105772,0.07007698251819817,0.1826642847281648,0.08810606927636154,0.08887539255404138,0.0003742535123288261,1.1010415853397309e-05,0.1271791724479425,0.1826642847281648
modena,0.0005,balanced,False,irls_main_effect,44811,0.09265059682683624,0.19932237866980232,0.07246936525663061,0.11321784990660418,0.06934431816640936,0.07336723427628389,0.00043457927935121077,0.0001368640245901256,0.1094009017652565,0.07246936525663061
modena,0.0005,balanced,False,irls_main_effect,45811,0.055258985287334784,0.18272813006279112,0.07771960842342651,0.12102291878487464,0.07899775270202179,0.06188635586842719,0.0004307852632589305,0.0002527905340283405,0.10314547905208978,0.10839965110662865
modena,0.005,pooled,False,exclusion_when_irls_on,40811,-0.005426546774189411,-0.025026233593591168,0.0018698238413128454,-0.026948212356266876,-0.0015019627902855825,-0.009900307021969942,1.056325541423427e-05,2.3989396686664467e-05,-0.011406626334604023,0.0018698238413128454
modena,0.005,pooled,False,exclusion_when_irls_on,41811,0.0036030106453391886,-0.001215254779350472,-0.0018040756200042123,-0.007603096344458919,-0.0022899535764032697,-0.004451627911601659,3.901946382666178e-05,2.7995464734712975e-05,-0.0018618739349754998,-0.0018040756200042123
modena,0.005,pooled,False,exclusion_when_irls_on,42811,0.003365449391575385,-0.0010599216066735269,0.006161192329588412,-0.024802935652606828,0.0012758587817115845,0.0024712635534744156,-6.827989293712791e-05,-3.9419425358315874e-05,-0.0030120713512810093,0.006161192329588412
modena,0.005,pooled,False,exclusion_when_irls_on,43811,0.0024249049900279354,-0.002964508440928474,0.004736501927634788,-0.02584555356121517,-0.0042942215314522025,-0.00349535722872385,-7.692775176337479e-07,-1.3345958610178578e-05,-0.00518857532318658,-0.02584555356121517
modena,0.005,pooled,False,exclusion_when_irls_on,44811,-8.400981895884119e-05,-0.0021707107244360127,-0.01521084456416836,-0.009155340654559882,-0.0007891159364930381,-0.0012704660236755687,-5.3989726743544976e-05,-6.342479188322897e-05,-0.005482004339723197,-0.01521084456416836
modena,0.005,pooled,False,exclusion_when_irls_on,45811,-0.009049739678030208,-0.022032006651630298,0.000525889694588777,-0.009646317610943478,0.0050272005350327316,-0.008801314131586876,6.170398996281764e-05,0.00010205000450220612,-0.007034994742196488,0.000525889694588777
modena,0.005,pooled,False,exclusion_when_irls_off,40811,-0.008035253364531925,-0.02384616899667476,-0.009969583189209152,-0.012626307427647143,-0.011262829530280497,-0.012746297623868993,0.0,6.463809662795711e-05,-0.013148028501668704,-0.02384616899667476
modena,0.005,pooled,False,exclusion_when_irls_off,41811,-0.01138864424323834,-0.0024893888826252506,-0.007164987648533683,0.009345262599650775,0.005884937092294133,-0.0015624392905040363,2.5247888358428195e-05,4.399287315454896e-05,-0.0011625642164904877,-0.0024893888826252506
modena,0.005,pooled,False,exclusion_when_irls_off,42811,-0.012578183169483004,-0.0054623785931288875,-0.002291378145923284,0.011425081234863596,0.01603342707270176,0.0011641783831321713,1.5931975018663172e-05,4.610068389362368e-05,0.0014253136798060284,-0.0054623785931288875
modena,0.005,pooled,False,exclusion_when_irls_off,43811,-0.0049305422456024095,-0.01922301144845114,-0.005539557972430405,-0.010032158934184373,-0.009426198985574804,-0.008869435576520904,-2.307832552901289e-06,9.809279578481239e-05,-0.009830293917248656,-0.01922301144845114
modena,0.005,pooled,False,exclusion_when_irls_off,44811,-0.014207988028950255,-0.027704193941922212,-0.009992739048008977,-0.012487212028085004,-0.0023854586658779895,-0.013690243710154112,1.1406280297932047e-05,9.947677884843276e-05,-0.01335551834256891,-0.027704193941922212
modena,0.005,pooled,False,exclusion_when_irls_off,45811,-0.011107792892743254,0.011055303531122607,-0.0018668382572334015,-0.004814557303461846,-0.0011089439203517681,-0.0027970900638738527,5.33244357703362e-06,2.5345752752181882e-05,-0.0015685657685334808,0.011055303531122607
modena,0.005,pooled,False,irls_when_exclusion_on,40811,0.04017544212667586,0.34638124708127144,0.04405956165203558,0.04858137993636158,0.03411711831235479,0.07239703116519362,0.00016901208662774858,-0.000437806489531627,0.10266294982173985,0.22986615918757233
modena,0.005,pooled,False,irls_when_exclusion_on,41811,0.03861364279877366,0.30307802106950305,0.019857292602993255,0.040736924716700616,0.018409649816913027,0.05851539575142972,0.00023335169543395765,-0.0004199319710206947,0.08413910620097675,0.2393117872036297
modena,0.005,pooled,False,irls_when_exclusion_on,42811,0.04835135973401091,0.30573344260035445,0.02407614606975465,0.03806655170973879,0.014326960545918052,0.046633732820130024,0.0002488422764819771,-0.00016970396679681754,0.08611089213195537,0.1391035777035091
modena,0.005,pooled,False,irls_when_exclusion_on,43811,0.036273016927510504,0.3218605069910742,0.02520652977457294,0.06855732297255408,0.04191904356720159,0.07498110824595834,0.0001492398384209502,-0.0006152486919292317,0.09876328404658274,0.13812687381318456
modena,0.005,pooled,False,irls_when_exclusion_on,44811,0.05697975023646662,0.2985182706262243,0.019213865908076572,0.046669390534444154,0.03181715907926497,0.07180526405349037,0.0001642504362902214,-0.00048069315953605096,0.09063968727689535,0.1316641490835834
modena,0.005,pooled,False,irls_when_exclusion_on,45811,0.014273919906419538,0.255686459422172,0.030044698345781534,0.04199996571821696,0.03575736585057258,0.03911751121582174,0.0002277715185047219,-0.00015140752301961294,0.07555248184863254,0.1738871196941919
modena,0.005,pooled,False,irls_when_exclusion_off,40811,0.03756673553633335,0.34756131167818777,0.032220154621513585,0.06290328486498131,0.024356251572359877,0.06955104056329457,0.00015844883121351433,-0.00039715778959033434,0.10092154765467516,0.20415016634958472
modena,0.005,pooled,False,irls_when_exclusion_off,41811,0.023621987910196134,0.30180388696622823,0.014496380574463785,0.057685283660810306,0.02658454048561043,0.06140458437252735,0.00021958011996572405,-0.00040393456260085864,0.08483841591946177,0.23862647394100867
modena,0.005,pooled,False,irls_when_exclusion_off,42811,0.03240772717295252,0.3013309856138991,0.015623575594242952,0.07429456859720922,0.029084528836908225,0.04532664764978778,0.00033305414443776817,-8.4183857544878e-05,0.09054827716304241,0.12748000678079177
modena,0.005,pooled,False,irls_when_exclusion_off,43811,0.028917569691880158,0.3056020039835516,0.014930469874507746,0.08437071759958488,0.03678706611307899,0.0696070298981613,0.00014770128338568265,-0.0005038099375342407,0.09412156545252066,0.1447494159259486
modena,0.005,pooled,False,irls_when_exclusion_off,44811,0.042855772026475204,0.27298478740873816,0.02443197142423596,0.043337519160919026,0.030220816349880015,0.05938548636701183,0.00022964644333169844,-0.00031779158880438925,0.08276617327404963,0.11917079970582956
modena,0.005,pooled,False,irls_when_exclusion_off,45811,0.01221586669170649,0.2887737696049249,0.027651970393959353,0.04683172602569859,0.02962122139518808,0.04512173528353477,0.00017139997211893787,-0.00022811177476963714,0.08101891082229555,0.18441653353072573
modena,0.005,pooled,False,interaction,40811,0.0026087065903425133,-0.0011800645969164043,0.011839407030521998,-0.014321904928619733,0.009760866739994914,0.002845990601899051,1.056325541423427e-05,-4.064869994129265e-05,0.00174140216706468,0.025715992837987606
modena,0.005,pooled,False,interaction,41811,0.01499165488857753,0.0012741341032747784,0.00536091202852947,-0.016948358944109693,-0.008174890668697402,-0.0028891886210976234,1.3771575468233581e-05,-1.5997408419835982e-05,-0.000699309718485012,0.0006853132626210382
modena,0.005,pooled,False,interaction,42811,0.01594363256105839,0.004402456986455361,0.008452570475511697,-0.036228016887470425,-0.014757568290990175,0.0013070851703422444,-8.421186795579106e-05,-8.552010925193955e-05,-0.004437385031087038,0.0116235709227173
modena,0.005,pooled,False,interaction,43811,0.007355447235630345,0.016258503007522667,0.010276059900065193,-0.015813394627030797,0.005131977454122601,0.005374078347797055,1.5385550352675409e-06,-0.00011143875439499097,0.004641718594062076,-0.006622542112764029
modena,0.005,pooled,False,interaction,44811,0.014123978209991414,0.025533483217486202,-0.005218105516159384,0.003331871373525123,0.0015963427293849513,0.012419777686478542,-6.539600704147702e-05,-0.00016290157073166168,0.007873514002845713,0.012493349377753852
modena,0.005,pooled,False,interaction,45811,0.002058053214713048,-0.033087310182752905,0.0023927279518221787,-0.004831760307481632,0.0061361444553845,-0.0060042240677130225,5.637154638578403e-05,7.670425175002423e-05,-0.005466428973663007,-0.01052941383653383
modena,0.005,pooled,False,exclusion_main_effect,40811,-0.006730900069360668,-0.024436201295132964,-0.0040498796739481535,-0.01978725989195701,-0.00638239616028304,-0.011323302322919468,5.281627707117135e-06,4.4313746657310796e-05,-0.012277327418136363,-0.010988172577680958
modena,0.005,pooled,False,exclusion_main_effect,41811,-0.0038928167989495757,-0.0018523218309878613,-0.004484531634268947,0.0008710831275959285,0.0017974917579454315,-0.003007033601052848,3.2133676092544985e-05,3.5994168944630964e-05,-0.0015122190757329939,-0.0021467322513147313
modena,0.005,pooled,False,exclusion_main_effect,42811,-0.00460636688895381,-0.0032611500999012075,0.0019349070918325644,-0.006688927208871616,0.008654642927206671,0.0018177209683032935,-2.617395895923237e-05,3.340629267653904e-06,-0.0007933788357374905,0.0003494068682297624
modena,0.005,pooled,False,exclusion_main_effect,43811,-0.001252818627787237,-0.011093759944689807,-0.00040152802239780866,-0.01793885624769977,-0.006860210258513503,-0.006182396402622377,-1.5385550352675182e-06,4.237341858731691e-05,-0.007509434620217618,-0.022534282504833154
modena,0.005,pooled,False,exclusion_main_effect,44811,-0.007145998923954548,-0.014937452333179113,-0.012601791806088669,-0.010821276341322442,-0.0015872873011855138,-0.00748035486691484,-2.1291723222806465e-05,1.8025993482601895e-05,-0.009418761341146054,-0.021457519253045287
modena,0.005,pooled,False,exclusion_main_effect,45811,-0.010078766285386731,-0.005488351560253846,-0.0006704742813223122,-0.007230437457202661,0.0019591283073404817,-0.005799202097730364,3.351821676992563e-05,6.3697878627194e-05,-0.004301780255364984,0.005790596612855692
modena,0.005,pooled,False,irls_main_effect,40811,0.038871088831504606,0.34697127937972966,0.03813985813677458,0.055742332400671446,0.029236684942357333,0.0709740358642441,0.00016373045892063148,-0.00041748213956098066,0.10179224873820751,0.2170081627685785
modena,0.005,pooled,False,irls_main_effect,41811,0.031117815354484896,0.30244095401786564,0.01717683658872852,0.04921110418875546,0.02249709515126173,0.05995999006197853,0.00022646590769984085,-0.0004119332668107767,0.08448876106021926,0.23896913057231917
modena,0.005,pooled,False,irls_main_effect,42811,0.040379543453481714,0.3035322141071268,0.0198498608319988,0.056180560153474,0.021705744691413138,0.0459801902349589,0.0002909482104598727,-0.00012694391217084777,0.08832958464749889,0.13329179224215043
modena,0.005,pooled,False,irls_main_effect,43811,0.03259529330969533,0.3137312554873129,0.020068499824540342,0.07646402028606948,0.03935305484014029,0.07229406907205982,0.00014847056090331644,-0.0005595293147317362,0.09644242474955171,0.14143814486956657
modena,0.005,pooled,False,irls_main_effect,44811,0.049917761131470915,0.28575152901748124,0.021822918666156266,0.04500345484768159,0.031018987714572493,0.0655953752102511,0.00019694843981095993,-0.00039924237417022015,0.08670293027547249,0.1254174743947065
modena,0.005,pooled,False,irls_main_effect,45811,0.013244893299063013,0.27223011451354845,0.028848334369870443,0.04441584587195777,0.03268929362288033,0.04211962324967825,0.00019958574531182987,-0.00018975964889462505,0.07828569633546405,0.17915182661245885
modena,0.005,balanced,False,exclusion_when_irls_on,40811,-0.004194021979993227,-0.03771942857255065,0.0010982914706750095,-0.015055408796798416,-0.007616150003452504,-0.01903481970191608,0.00016222142243288375,0.00019524703414424164,-0.012697343576423973,0.0010982914706750095
modena,0.005,balanced,False,exclusion_when_irls_on,41811,0.006127061821346998,-0.00551475471527237,-0.00036203886672595925,-0.013063226816353931,0.0017651373566070678,-0.01646257355077681,0.00026931080915656747,0.0002506260652440972,-0.002209564244079587,-0.0018022011468301624
modena,0.005,balanced,False,exclusion_when_irls_on,42811,0.003999798332606552,-0.010848448095651442,0.005787218413468039,-0.024551246129490372,-0.0006677131491502989,-0.009106009776489307,0.00011455848703895892,0.0001590139531403251,-0.005256078125643586,0.005787218413468039
modena,0.005,balanced,False,exclusion_when_irls_on,43811,0.001081664015963324,-0.009377195879805308,0.0011595654931860766,-0.02714118966336787,-0.002631774355376796,-0.013143791997557516,0.00014770128338568265,0.00017549935572384805,-0.007381786077880166,-0.02714118966336787
modena,0.005,balanced,False,exclusion_when_irls_on,44811,-0.004066917633305504,-0.0019291974959836737,0.00039060239398821156,-0.0012489624883764334,-0.003663816668639982,-0.011078797834739085,0.0001551254120518757,0.00013285824826065858,-0.002103658378463491,0.00039060239398821156
modena,0.005,balanced,False,exclusion_when_irls_on,45811,-0.008322996779242272,-0.02772569976554773,0.0006730294115470844,-0.011655595895586438,0.0038767462139610576,-0.019860761369344598,0.00026509862354395726,0.0003201568768696662,-0.0086309033629736,0.0006730294115470844
modena,0.005,balanced,False,exclusion_when_irls_off,40811,-0.010797864722158304,-0.013864564331747023,-0.01578657179400263,-0.022977040241727347,-0.013998204776290954,-0.01464365260056133,-4.527109463243267e-06,1.3993814733887646e-05,-0.01548484917318523,-0.013864564331747023
modena,0.005,balanced,False,exclusion_when_irls_off,41811,-0.01180799118285584,0.0020816382664359256,-0.0021202483508983017,-0.0007140658527732269,0.0008085604423206568,-0.0027360549523195443,1.2241400416207617e-05,1.333117368319644e-06,-0.002350421335554076,0.0020816382664359256
modena,0.005,balanced,False,exclusion_when_irls_off,42811,-0.0123099447898433,0.005711124503577285,-0.013128282552181644,-0.006688540848474922,0.01620260017635211,-6.176382531930535e-05,-1.7449305972821564e-05,-3.4074418530069637e-05,-0.002042608702114146,-0.01406047340173692
modena,0.005,balanced,False,exclusion_when_irls_off,43811,-0.01065876651280103,-0.01431840584106995,-0.00635721027817752,-0.002906330534372096,-0.02052055116462929,-0.010246898992571807,-9.231330211605172e-06,4.537625927460712e-05,-0.010952252866210007,-0.002906330534372096
modena,0.005,balanced,False,exclusion_when_irls_off,44811,-0.010383819757094903,-0.0326357912507614,-0.02070281612173182,-0.0006887546295768118,0.0011000439020810715,-0.011166219790234503,-1.5208373730576093e-06,5.6748498000783785e-05,-0.012662227571416773,-0.02070281612173182
modena,0.005,balanced,False,exclusion_when_irls_off,45811,-0.012918598093395092,0.02568180603485622,-0.007087196462070677,0.0027199617294110245,-0.005806074131860961,-0.0020137800536764727,-9.903109500205298e-06,-3.668464214131591e-05,0.0005179798153881107,0.006385780399047951
modena,0.005,balanced,False,irls_when_exclusion_on,40811,0.09569195987125678,0.23228543118917303,0.11320648328149303,0.15607208250367513,0.0894796777499582,0.08143487316213675,0.0006730302735354989,0.0003478462519566352,0.13734712691911122,0.16048136929333953
modena,0.005,balanced,False,irls_when_exclusion_on,41811,0.1044766387795345,0.20885577448573955,0.07292573919281391,0.11206360017454282,0.0744855825294413,0.05171940604990014,0.0009226955563716488,0.0005985696983755298,0.1145614670324145,0.1731108352745525
modena,0.005,balanced,False,irls_when_exclusion_on,42811,0.10618340337204013,0.192647816170027,0.09366494788855106,0.12113380974709446,0.06132857290179431,0.039634357354059326,0.0009642638213676613,0.0008371616944740646,0.11499171001590132,0.09590883374068233
modena,0.005,balanced,False,irls_when_exclusion_on,43811,0.08619465260854453,0.21779198955521425,0.08424340577636431,0.1763713108586833,0.10126917270089053,0.07754899547514016,0.0007185052014699354,0.00037502143694601763,0.13317410629993934,0.1763713108586833
modena,0.005,balanced,False,irls_when_exclusion_on,44811,0.10193457191460564,0.2061565443651092,0.09416195022603742,0.11869459956324724,0.0702309771886872,0.06114185123733732,0.0007741062228863212,0.0004606642778887156,0.11823572865153731,0.09416195022603742
modena,0.005,balanced,False,irls_when_exclusion_on,45811,0.06263249931169342,0.14162885666079203,0.0889736881980927,0.11876771564071568,0.0902059962957114,0.03946911416201304,0.0008676647477487567,0.0007597055890719785,0.10044175122140105,0.11291724245073553
modena,0.005,balanced,False,irls_when_exclusion_off,40811,0.0890881171290917,0.2561402954299767,0.09632162001681539,0.14815045105874622,0.08309762297711976,0.0858260402634915,0.0005062817416393719,0.00016659303254628116,0.13455962132234997,0.1455185134909175
modena,0.005,balanced,False,irls_when_exclusion_off,41811,0.08654158577533166,0.21645216746744786,0.07116752970864156,0.12441276113812354,0.0735290056151549,0.06544592464835741,0.000665626147631289,0.00034927675049975233,0.11442060994094001,0.1769946746878186
modena,0.005,balanced,False,irls_when_exclusion_off,42811,0.08987366024959027,0.2092073887692557,0.07474944692290138,0.13899651502810992,0.07819888622729672,0.04867860330522933,0.000832256028355881,0.0006440733228036699,0.11820517943943076,0.07606114192547737
modena,0.005,balanced,False,irls_when_exclusion_off,43811,0.07445422207978018,0.2128507795939496,0.07672663000500073,0.20060616998767908,0.08338039589163804,0.08044588848012586,0.0005615725878726477,0.0002448983404967766,0.1296036395116095,0.20060616998767908
modena,0.005,balanced,False,irls_when_exclusion_off,44811,0.09561766979081625,0.17544995061033145,0.0730685317103174,0.11925480742204686,0.07499483775940825,0.061054429281841904,0.0006174599734613879,0.0003845545276288408,0.10767715945858403,0.0730685317103174
modena,0.005,balanced,False,irls_when_exclusion_off,45811,0.0580368979975406,0.19503636246119596,0.08121346232447495,0.13314327326571315,0.08052317594988938,0.05731609547768116,0.000592663014704594,0.0004028640700609965,0.10959063439976276,0.1186299934382364
modena,0.005,balanced,False,interaction,40811,0.006603842742165078,-0.02385486424080363,0.01688486326467764,0.00792163144492893,0.0063820547728384485,-0.00439116710135475,0.00016674853189612703,0.00018125321941035396,0.0027875055967612563,0.014962855802422034
modena,0.005,balanced,False,interaction,41811,0.01793505300420284,-0.007596392981708296,0.0017582094841723424,-0.012349160963580704,0.0009565769142864111,-0.013726518598457268,0.0002570694087403598,0.0002492929478757775,0.00014085709147448888,-0.003883839413266088
modena,0.005,balanced,False,interaction,42811,0.016309743122449854,-0.016559572599228727,0.018915500965649684,-0.01786270528101545,-0.01687031332550241,-0.009044245951170002,0.00013200779301178047,0.00019308837167039474,-0.0032134694235294394,0.01984769181520496
modena,0.005,balanced,False,interaction,43811,0.011740430528764353,0.004941209961264644,0.007516775771363597,-0.024234859128995773,0.017888776809252493,-0.0028968930049857087,0.00015693261359728784,0.00013012309644924093,0.00357046678832984,-0.024234859128995773
modena,0.005,balanced,False,interaction,44811,0.006316902123789399,0.030706593754777727,0.021093418515720035,-0.0005602078587996218,-0.004763860570721053,8.742195549541847e-05,0.00015664624942493335,7.610975025987479e-05,0.010558569192953282,0.021093418515720035
modena,0.005,balanced,False,interaction,45811,0.00459560131415282,-0.05340750580040395,0.007760225873617761,-0.014375557624997462,0.009682820345822019,-0.017846981315668125,0.0002750017330441626,0.000356841519010982,-0.00914888317836171,-0.005712750987500866
modena,0.005,balanced,False,exclusion_main_effect,40811,-0.007495943351075766,-0.02579199645214884,-0.007344140161663811,-0.01901622451926288,-0.010807177389871728,-0.016839236151238706,7.884715648482023e-05,0.00010462042443906466,-0.014091096374804601,-0.006383136430536007
modena,0.005,balanced,False,exclusion_main_effect,41811,-0.002840464680754421,-0.0017165582244182225,-0.0012411436088121304,-0.006888646334563579,0.0012868488994638623,-0.009599314251548178,0.00014077610478638756,0.00012597959130620842,-0.0022799927898168315,0.00013971855980288161
modena,0.005,balanced,False,exclusion_main_effect,42811,-0.004155073228618374,-0.0025686617960370786,-0.003670532069356802,-0.015619893488982647,0.007767443513600906,-0.004583886800904306,4.855459053306867e-05,6.246976730512773e-05,-0.003649343413878866,-0.004136627494134441
modena,0.005,balanced,False,exclusion_main_effect,43811,-0.004788551248418853,-0.01184780086043763,-0.002598822392495722,-0.015023760098869984,-0.011576162760003042,-0.01169534549506466,6.923497658703876e-05,0.0001104378074992276,-0.009167019472045087,-0.015023760098869984
modena,0.005,balanced,False,exclusion_main_effect,44811,-0.007225368695200203,-0.017282494373372537,-0.010156106863871806,-0.0009688585589766227,-0.0012818863832794551,-0.011122508812486795,7.680228733940906e-05,9.48033731307212e-05,-0.007382942974940132,-0.010156106863871806
modena,0.005,balanced,False,exclusion_main_effect,45811,-0.010620797436318682,-0.0010219468653457537,-0.0032070835252617966,-0.004467817083087707,-0.0009646639589499517,-0.010937270711510535,0.000127597757021876,0.00014173611736417515,-0.004056461773792745,0.0035294049052975174
modena,0.005,balanced,False,irls_main_effect,40811,0.09239003850017424,0.24421286330957484,0.10476405164915421,0.15211126678121067,0.08628865036353899,0.08363045671281412,0.0005896560075874354,0.00025721964225145817,0.13595337412073058,0.1529999413921285
modena,0.005,balanced,False,irls_main_effect,41811,0.09550911227743308,0.2126539709765937,0.07204663445072773,0.11823818065633318,0.0740072940722981,0.05858266534912878,0.000794160852001469,0.00047392322443764117,0.11449103848667726,0.17505275498118555
modena,0.005,balanced,False,irls_main_effect,42811,0.09802853181081521,0.20092760246964136,0.08420719740572623,0.13006516238760218,0.06976372956454552,0.04415648032964433,0.0008982599248617711,0.0007406175086388673,0.11659844472766605,0.08598498783307985
modena,0.005,balanced,False,irls_main_effect,43811,0.08032443734416235,0.21532138457458191,0.08048501789068252,0.1884887404231812,0.09232478429626428,0.07899744197763302,0.0006400388946712915,0.0003099598887213971,0.13138887290577442,0.1884887404231812
modena,0.005,balanced,False,irls_main_effect,44811,0.09877612085271094,0.1908032474877203,0.0836152409681774,0.11897470349264705,0.07261290747404774,0.061098140259589616,0.0006957830981738546,0.00042260940275877816,0.11295644405506067,0.0836152409681774
modena,0.005,balanced,False,irls_main_effect,45811,0.06033469865461701,0.16833260956099397,0.08509357526128382,0.1259554944532144,0.08536458612280039,0.048392604819847106,0.0007301638812266753,0.0005812848295664876,0.1050161928105819,0.11577361794448597
ltown,0.0005,pooled,True,exclusion_when_irls_on,110811,-0.0011273329221646773,-0.01751924428045622,-0.0023086334160917024,0.00033308392681534,-0.0013379645707572256,-0.003018566312656956,7.514761972505822e-06,1.4555415238272151e-05,-0.00439201825253092,-0.01751924428045622
ltown,0.0005,pooled,True,exclusion_when_irls_on,111811,-0.00039429788755196427,-0.010563235036408769,-0.0003953387421224974,-0.003526291845042384,-0.0014581353167307427,-0.003740732889238855,1.9243823194079223e-05,2.4525864143371717e-05,-0.003267459765571227,-0.010563235036408769
ltown,0.0005,pooled,True,exclusion_when_irls_on,112811,-0.001189249464461158,-0.00685368554924944,0.0015166965707519668,-0.004036793768504299,0.0007151948088758667,-0.002869483445901766,1.596135498516882e-05,1.6870826781443756e-05,-0.0019695674805173535,-0.00685368554924944
ltown,0.0005,pooled,True,exclusion_when_irls_on,113811,0.00043516325407481443,-0.011500156497375902,9.095815912552041e-05,-0.000723083478950115,-0.0005713085954454818,-0.001908668335094658,1.1030952853707503e-05,2.7724004760211625e-05,-0.00245368543171424,-0.011500156497375902
ltown,0.0005,pooled,True,exclusion_when_irls_on,114811,-0.0008944389347919449,-0.00888932370022133,-0.001410267568996204,0.0005170610874635958,0.0016255409638817146,-0.0011417855771932068,8.492325591517026e-06,1.6186471855540833e-05,-0.0018102856305329078,-0.00888932370022133
ltown,0.0005,pooled,True,exclusion_when_irls_on,115811,0.0012617383149754469,-0.012243482153352025,0.0004933208996653985,0.002001058473367993,-0.0004480611464946123,-0.0009556314651834411,1.0041911768592063e-05,2.2410749766650953e-05,-0.001787085122367656,-0.012243482153352025
ltown,0.0005,pooled,True,exclusion_when_irls_off,110811,0.0010605721189019073,0.007157981749494853,0.005230115751087301,0.005616673736715557,0.0034137243572739395,-0.0018211280972723436,6.374591190470452e-05,6.88494244603984e-05,0.004495813542694682,0.007157981749494853
ltown,0.0005,pooled,True,exclusion_when_irls_off,111811,0.006067143615132016,0.011028722109366748,0.009995049817444665,0.011751890878041774,0.005106675084501577,0.003662571207975085,5.008666310787744e-05,4.465558282708247e-05,0.008789896300897326,0.011028722109366748
ltown,0.0005,pooled,True,exclusion_when_irls_off,112811,0.004551097064931804,0.00728128854646178,0.010542364737704424,0.008585315480177677,0.002989658434387773,-0.0011648310313370953,6.847936171056297e-05,9.290510090603272e-05,0.006789944852732692,0.00728128854646178
ltown,0.0005,pooled,True,exclusion_when_irls_off,113811,0.0052766001203826685,0.00021806165881036824,0.008761926926256103,0.011978263690774408,0.002592991602536269,0.0013229327059124385,5.883174855310668e-05,7.485481285257138e-05,0.005765568799751948,0.00021806165881036824
ltown,0.0005,pooled,True,exclusion_when_irls_off,114811,0.0010836615883677385,0.012331220608042148,0.009105098087277405,0.010785380332038205,0.0008567101368481822,0.0014550579610636734,5.0423183199632285e-05,7.815753553103997e-05,0.006832414150514721,0.012331220608042148
ltown,0.0005,pooled,True,exclusion_when_irls_off,115811,-0.0010828641018379253,0.008081206548178085,0.0052965867175760835,0.008494016113944921,0.00261384263601816,9.139997508111897e-05,5.020955884296035e-05,7.092886781816331e-05,0.004680557582775968,0.008081206548178085
ltown,0.0005,pooled,True,irls_when_exclusion_on,110811,0.009769839131190191,-0.0062598173908976484,0.004756185902694147,0.0017771460395209864,0.007621804189849812,0.010095309204535052,-5.078942574521174e-05,-0.00010142582999367416,0.003533031574471527,-0.0062598173908976484
ltown,0.0005,pooled,True,irls_when_exclusion_on,111811,0.007146168147110925,0.0015774065741454384,0.0014271011271541623,0.0009409193125758571,0.013195098890478504,0.009628637594441214,-3.2160909995584464e-05,-0.00011453115802800948,0.004857338810292933,0.0015774065741454384
ltown,0.0005,pooled,True,irls_when_exclusion_on,112811,0.008716857354851651,0.006335425517395336,0.0005203979232920227,0.0022786332151990183,0.010302455736598418,0.011887683687980655,-5.2518006725394155e-05,-0.0001215623957128687,0.005630753949467289,0.006335425517395336
ltown,0.0005,pooled,True,irls_when_exclusion_on,113811,0.010335662578697224,-0.0013530672291358625,0.00780146118240177,0.0010174364653726304,0.012295437396361334,0.011688575607682475,-4.937664610707168e-05,-0.00011112705241384825,0.006019386078739346,-0.0013530672291358625
ltown,0.0005,pooled,True,irls_when_exclusion_on,114811,0.01090198778149624,-0.009601949963843634,0.0035466383886878137,0.002131195983145484,0.016451126435058083,0.010817947946749654,-3.503084306500769e-05,-0.0001274106570343285,0.00468579972490879,-0.009601949963843634
ltown,0.0005,pooled,True,irls_when_exclusion_on,115811,0.015242937062136567,0.008374745153131006,0.006333308212520243,-0.0006135844659151587,0.01743962908706657,0.013066460691821158,-3.488243035405667e-05,-0.0001180607539253468,0.0093554070097878,0.008374745153131006
ltown,0.0005,pooled,True,irls_when_exclusion_off,110811,0.011957744172256776,0.018417408639053428,0.01229493506987315,0.007060735849421203,0.012373493117880977,0.011292747419919666,5.441724186986962e-06,-4.713182077154791e-05,0.01242086336969713,0.018417408639053428
ltown,0.0005,pooled,True,irls_when_exclusion_off,111811,0.013607609649794905,0.023169363719920955,0.011817489686721324,0.016219102035660016,0.019759909291710825,0.017031941691655155,-1.3180700817862479e-06,-9.440143934429871e-05,0.016914694876761487,0.023169363719920955
ltown,0.0005,pooled,True,irls_when_exclusion_off,112811,0.014457203884244615,0.020470399613106555,0.00954606609024448,0.014900742463880992,0.012576919362110325,0.013592336102545325,0.0,-4.552812158827972e-05,0.014390266282717334,0.020470399613106555
ltown,0.0005,pooled,True,irls_when_exclusion_off,113811,0.015177099445005079,0.010365150927050407,0.016472429949532352,0.013718783635097154,0.015459737594343085,0.014920176648689573,-1.5758504076725016e-06,-6.399624432148848e-05,0.014238640310205533,0.010365150927050407
ltown,0.0005,pooled,True,irls_when_exclusion_off,114811,0.012880088304655923,0.011618594344419845,0.014062004044961421,0.012399515227720093,0.01568229560802455,0.013414791485006535,6.900014543107564e-06,-6.543959335882935e-05,0.013328499505956418,0.011618594344419845
ltown,0.0005,pooled,True,irls_when_exclusion_off,115811,0.012898334645323195,0.028699433854661116,0.011136574030430927,0.005879373174661769,0.020501532869579342,0.014113492132085717,5.2852167203116195e-06,-6.954263587383441e-05,0.015823049714931425,0.028699433854661116
ltown,0.0005,pooled,True,interaction,110811,-0.0021879050410665846,-0.024677226029951076,-0.007538749167179004,-0.005283589809900217,-0.004751688928031165,-0.0011974382153846126,-5.623114993219869e-05,-5.429400922212624e-05,-0.008887831795225601,-0.024677226029951076
ltown,0.0005,pooled,True,interaction,111811,-0.0064614415026839804,-0.021591957145775515,-0.010390388559567162,-0.015278182723084158,-0.00656481040123232,-0.00740330409721394,-3.0842839913798214e-05,-2.012971868371075e-05,-0.012057356066468553,-0.021591957145775515
ltown,0.0005,pooled,True,interaction,112811,-0.005740346529392963,-0.01413497409571122,-0.009025668166952458,-0.012622109248681975,-0.0022744636255119057,-0.0017046524145646706,-5.251800672539415e-05,-7.603427412458895e-05,-0.008759512333250044,-0.01413497409571122
ltown,0.0005,pooled,True,interaction,113811,-0.004841436866307854,-0.01171821815618627,-0.008670968767130582,-0.012701347169724523,-0.003164300197981751,-0.0032316010410070963,-4.780079569939917e-05,-4.7130808092359776e-05,-0.008219254231466189,-0.01171821815618627
ltown,0.0005,pooled,True,interaction,114811,-0.0019781005231596835,-0.021220544308263478,-0.010515365656273609,-0.010268319244574609,0.0007688308270335323,-0.00259684353825688,-4.1930857608115254e-05,-6.197106367549914e-05,-0.008642699781047628,-0.021220544308263478
ltown,0.0005,pooled,True,interaction,115811,0.002344602416813372,-0.02032468870153011,-0.004803265817910685,-0.006492957640576928,-0.0030619037825127724,-0.0010470314402645602,-4.0167647074368287e-05,-4.851811805151236e-05,-0.006467642705143624,-0.02032468870153011
ltown,0.0005,pooled,True,exclusion_main_effect,110811,-3.338040163138508e-05,-0.005180631265480684,0.0014607411674977995,0.0029748788317654484,0.001037879893258357,-0.00241984720496465,3.563033693860517e-05,4.170241984933527e-05,5.189764508188125e-05,-0.005180631265480684
ltown,0.0005,pooled,True,exclusion_main_effect,111811,0.002836422863790026,0.00023274353647898907,0.004799855537661084,0.004112799516499695,0.0018242698838854172,-3.908084063188507e-05,3.466524315097833e-05,3.4590723485227097e-05,0.0027612182676630495,0.00023274353647898907
ltown,0.0005,pooled,True,exclusion_main_effect,112811,0.0016809238002353233,0.00021380149860616982,0.006029530654228195,0.0022742608558366886,0.0018524266216318197,-0.0020171572386194305,4.22203583478659e-05,5.488796384373824e-05,0.002410188686107669,0.00021380149860616982
ltown,0.0005,pooled,True,exclusion_main_effect,113811,0.0028558816872287416,-0.005641047419282767,0.004426442542690812,0.005627590105912146,0.0010108415035453937,-0.0002928678145911097,3.493135070340709e-05,5.1289408806391506e-05,0.0016559416840188541,-0.005641047419282767
ltown,0.0005,pooled,True,exclusion_main_effect,114811,9.461132678789674e-05,0.0017209484539104092,0.0038474152591406,0.0056512207097509,0.0012411255503649483,0.00015663619193523326,2.9457754395574654e-05,4.7172003693290406e-05,0.0025110642599909063,0.0017209484539104092
ltown,0.0005,pooled,True,exclusion_main_effect,115811,8.943710656876085e-05,-0.0020811378025869707,0.0028949538086207407,0.005247537293656457,0.0010828907447617737,-0.00043211574505116107,3.0125735305776205e-05,4.666980879240714e-05,0.001446736230204156,-0.0020811378025869707
ltown,0.0005,pooled,True,irls_main_effect,110811,0.010863791651723484,0.006078795624077889,0.008525560486283649,0.004418940944471095,0.009997648653865395,0.010694028312227358,-2.267385077911239e-05,-7.427882538261104e-05,0.007976947472084328,0.006078795624077889
ltown,0.0005,pooled,True,irls_main_effect,111811,0.010376888898452915,0.012373385147033197,0.006622295406937743,0.008580010674117936,0.016477504091094664,0.013330289643048185,-1.6739490038685357e-05,-0.00010446629868615408,0.01088601684352721,0.012373385147033197
ltown,0.0005,pooled,True,irls_main_effect,112811,0.011587030619548133,0.013402912565250946,0.005033232006768251,0.008589687839540006,0.011439687549354371,0.01274000989526299,-2.6259003362697077e-05,-8.35452586505742e-05,0.010010510116092311,0.013402912565250946
ltown,0.0005,pooled,True,irls_main_effect,113811,0.012756381011851151,0.004506041848957272,0.012136945565967061,0.007368110050234892,0.01387758749535221,0.013304376128186024,-2.5476248257372092e-05,-8.756164836766836e-05,0.010129013194472439,0.004506041848957272
ltown,0.0005,pooled,True,irls_main_effect,114811,0.011891038043076082,0.001008322190288106,0.008804321216824618,0.007265355605432788,0.016066711021541318,0.012116369715878095,-1.4065414260950064e-05,-9.642512519657892e-05,0.009007149615432605,0.001008322190288106
ltown,0.0005,pooled,True,irls_main_effect,115811,0.014070635853729882,0.01853708950389606,0.008734941121475584,0.002632894354373305,0.018970580978322955,0.013589976411953439,-1.4798606816872524e-05,-9.380169489959062e-05,0.012589228362359614,0.01853708950389606
ltown,0.0005,balanced,False,exclusion_when_irls_on,110811,-0.0027121692399675323,-0.012908522606981498,-0.001977080810590781,-0.006920200848299658,-0.001885625604507224,-0.004843717161574242,1.5547783391391357e-05,3.0034983825006055e-05,-0.005280719822069309,-0.012908522606981498
ltown,0.0005,balanced,False,exclusion_when_irls_on,111811,-0.001752351596657209,-0.00526236574326137,0.00044733812330599587,-0.0026313872449945652,-0.0024792906274737256,-0.0032154861138081006,2.240719139036625e-05,2.429448806654751e-05,-0.0023356114178160934,-0.00526236574326137
ltown,0.0005,balanced,False,exclusion_when_irls_on,112811,-0.0019317346096393944,-0.009927008508568943,0.002931282536346077,-0.004960520207294168,-0.0020963577602408634,-0.004404289151163125,2.4199473687191427e-05,3.0737259752493434e-05,-0.0031968677098793328,-0.009927008508568943
ltown,0.0005,balanced,False,exclusion_when_irls_on,113811,-0.0001257090126318324,-0.015652810926577592,-0.0013110978486755946,-0.0032864611180324355,-0.0008540081411027763,-0.003681458207615044,1.9435488361294197e-05,4.5282541108345635e-05,-0.0042460174094041125,-0.015652810926577592
ltown,0.0005,balanced,False,exclusion_when_irls_on,114811,-0.00042312180523040865,-0.006949180650570856,-0.004692643671551274,-0.0024564207432279384,-0.0003809258993576388,-0.0005328947270101617,-1.9373117755648178e-05,-8.786941864436445e-06,-0.002980458553987505,-0.006949180650570856
ltown,0.0005,balanced,False,exclusion_when_irls_on,115811,-0.0007490286984906946,-0.002219744082110009,-0.0015601832106209395,0.0014074066518517947,-0.0018897048009232458,-6.285338334651354e-06,-1.1098955112654388e-05,6.700121064256457e-06,-0.001002250828058493,-0.002219744082110009
ltown,0.0005,balanced,False,exclusion_when_irls_off,110811,-0.00752759111796301,-0.018550328860126714,0.0005514668039874696,0.00041114540146539963,-0.002754357477116683,-0.004173244583935347,1.2956486159492783e-06,2.9110830476544356e-05,-0.005573933049950759,-0.018550328860126714
ltown,0.0005,balanced,False,exclusion_when_irls_off,111811,0.002813329149692567,-0.009803932452690992,0.006616338762881924,-0.0023004388881400217,-0.0044934420234533645,-0.001322580306437023,-2.1089121308580003e-06,2.0592470837359314e-05,-0.001433629090341948,-0.009803932452690992
ltown,0.0005,balanced,False,exclusion_when_irls_off,112811,-0.003396913259691344,-0.02444784575128996,-0.00012741947177474788,-0.0019687971737375465,-0.00043210299720671436,-0.004048532906723246,-4.891382979325946e-06,4.5759228804463874e-05,-0.006074615730740011,-0.02444784575128996
ltown,0.0005,balanced,False,exclusion_when_irls_off,113811,-0.0009123566435945326,-0.025533419455997852,0.0028816845936160775,-0.0003236811954379082,-0.004255769466540642,-0.002946354725516261,1.3132086730604045e-06,3.788947317228926e-05,-0.005628708433590941,-0.025533419455997852
ltown,0.0005,balanced,False,exclusion_when_irls_off,114811,-0.003158020156042607,-0.010400326474188796,0.004397273209022649,0.00019046966149453373,-0.0030111536189878865,1.4506818397023539e-05,-2.8396213696635034e-05,1.965500153887096e-05,-0.002396351475740429,-0.010400326474188796
ltown,0.0005,balanced,False,exclusion_when_irls_off,115811,-0.007560035030393708,-0.014071956863757914,-0.0037844666219176704,0.0014319885406310535,-0.0003793383062263474,-0.0019095421959720582,-2.457625774944903e-05,2.6569445599637713e-05,-0.004872761656332843,-0.014071956863757914
ltown,0.0005,balanced,False,irls_when_exclusion_on,110811,0.015767655349150995,0.010873833941213626,0.008345679190378688,0.0010609897401424224,0.012902154338293484,0.00950234329027603,4.923464740607265e-06,-8.756352976674836e-05,0.009790062511835859,0.010873833941213626
ltown,0.0005,balanced,False,irls_when_exclusion_on,111811,0.013978223451688717,0.024870542839434167,-9.315874697657378e-05,0.014545643081417925,0.0178534053482227,0.013409608871460402,1.2653472785148002e-05,-0.00014322179155421789,0.014230931194757454,0.024870542839434167
ltown,0.0005,balanced,False,irls_when_exclusion_on,112811,0.015797400980648413,0.029027914396294745,0.0059407288524405315,0.005378535357450513,0.013724820343238076,0.011939798950448463,9.782765958651856e-06,-0.00010885149882273982,0.013973879986014515,0.029027914396294745
ltown,0.0005,balanced,False,irls_when_exclusion_on,113811,0.014705607671613516,0.017092310322531296,0.00832644167941395,0.008067261924061079,0.020515251359025138,0.01152921499163273,2.232454744202713e-05,-9.310644931971074e-05,0.013741374591328922,0.017092310322531296
ltown,0.0005,balanced,False,irls_when_exclusion_on,114811,0.014838196255421598,0.01394821103700298,0.003723185688796408,0.004319753829493751,0.018525350037985906,0.010627277275495913,1.4065414260950078e-05,-0.00012810436297099452,0.011070939369740204,0.01394821103700298
ltown,0.0005,balanced,False,irls_when_exclusion_on,115811,0.021895359109532442,0.033478944763768594,0.00994528544538198,0.005885643106946466,0.02068431418371719,0.015420082573575966,1.1891737620701157e-05,-0.00014994408864491208,0.018377909321869373,0.033478944763768594
ltown,0.0005,balanced,False,irls_when_exclusion_off,110811,0.010952233471155518,0.005232027688068408,0.01087422680495694,0.008392335989907481,0.012033422465684026,0.010172815867914927,-9.328670034834815e-06,-8.848768311521006e-05,0.009496849283954409,0.005232027688068408
ltown,0.0005,balanced,False,irls_when_exclusion_off,111811,0.018543904198038492,0.020328976130004544,0.006075841892599354,0.014876591438272468,0.01583925395224306,0.01530251467883148,-1.186263073607625e-05,-0.00014692380878340608,0.015132913522231598,0.020328976130004544
ltown,0.0005,balanced,False,irls_when_exclusion_off,112811,0.014332222330596464,0.014507077153573725,0.0028820268443197072,0.008370258391007135,0.015389075106272224,0.012295555194888341,-1.9308090707865517e-05,-9.382952977076938e-05,0.011096131965153836,0.014507077153573725
ltown,0.0005,balanced,False,irls_when_exclusion_off,113811,0.013918960040650815,0.007211701793111036,0.012519224121705622,0.011030041846655606,0.01711349003358727,0.012264318473731514,4.202267753793338e-06,-0.00010049951725576711,0.012358683567142092,0.007211701793111036
ltown,0.0005,balanced,False,irls_when_exclusion_off,114811,0.0121032979046094,0.01049706521338504,0.01281310256937033,0.006966644234216224,0.01589512231835566,0.011174678820903098,5.042318319963222e-06,-9.966241956768712e-05,0.01165504644798728,0.01049706521338504
ltown,0.0005,balanced,False,irls_when_exclusion_off,115811,0.015084352777629428,0.02162673198212069,0.007721002034085249,0.005910224995725725,0.022194680678414087,0.01351682571593856,-1.5855650160934841e-06,-0.00013007476410953082,0.014507398493595022,0.02162673198212069
ltown,0.0005,balanced,False,interaction,110811,0.004815421877995478,0.005641806253145217,-0.0025285476145782506,-0.007331346249765058,0.0008687318726094592,-0.0006704725776388957,1.425213477544208e-05,9.24153348461698e-07,0.0002932132278814503,0.005641806253145217
ltown,0.0005,balanced,False,interaction,111811,-0.004565680746349776,0.004541566709429623,-0.006169000639575928,-0.0003309483568545435,0.002014151395979639,-0.0018929058073710776,2.451610352122425e-05,3.7020172291881955e-06,-0.0009019823274741453,0.004541566709429623
ltown,0.0005,balanced,False,interaction,112811,0.0014651786500519497,0.014520837242721019,0.0030587020081208247,-0.0029917230335566223,-0.001664254763034149,-0.00035575624443987913,2.909085666651737e-05,-1.502196905197044e-05,0.0028777480208606785,0.014520837242721019
ltown,0.0005,balanced,False,interaction,113811,0.0007866476309627002,0.009880608529420262,-0.004192782442291672,-0.0029627799225945273,0.003401761325437865,-0.0007351034820987831,1.8122279688233792e-05,7.393067936056373e-06,0.001382691024186829,0.009880608529420262
ltown,0.0005,balanced,False,interaction,114811,0.0027348983508121982,0.0034511458236179404,-0.009089916880573923,-0.002646890404722472,0.002630227719630248,-0.0005474015454071853,9.023095940986856e-06,-2.8441943403307403e-05,-0.0005841070782470759,0.0034511458236179404
ltown,0.0005,balanced,False,interaction,115811,0.006811006331903013,0.011852212781647905,0.002224283411296731,-2.4581888779258893e-05,-0.0015103664946968982,0.001903256857637407,1.3477302636794641e-05,-1.9869324535381257e-05,0.0038705108282743503,0.011852212781647905
ltown,0.0005,balanced,False,exclusion_main_effect,110811,-0.005119880178965271,-0.015729425733554108,-0.0007128070033016557,-0.0032545277234171297,-0.0023199915408119534,-0.004508480872754794,8.421716003670319e-06,2.9572907150775204e-05,-0.005427326436010034,-0.015729425733554108
ltown,0.0005,balanced,False,exclusion_main_effect,111811,0.0005304887765176791,-0.007533149097976181,0.0035318384430939598,-0.0024659130665672935,-0.003486366325463545,-0.002269033210122562,1.0149139629754125e-05,2.244347945195341e-05,-0.0018846202540790207,-0.007533149097976181
ltown,0.0005,balanced,False,exclusion_main_effect,112811,-0.002664323934665369,-0.01718742712992945,0.0014019315322856645,-0.0034646586905158574,-0.001264230378723789,-0.004226411028943185,9.65404535393274e-06,3.8248244278478654e-05,-0.004635741720309672,-0.01718742712992945
ltown,0.0005,balanced,False,exclusion_main_effect,113811,-0.0005190328281131825,-0.02059311519128772,0.0007852933724702416,-0.0018050711567351718,-0.002554888803821709,-0.0033139064665656526,1.03743485171773e-05,4.158600714031745e-05,-0.004937362921497527,-0.02059311519128772
ltown,0.0005,balanced,False,exclusion_main_effect,114811,-0.0017905709806365078,-0.008674753562379825,-0.00014768523126431252,-0.0011329755408667024,-0.0016960397591727627,-0.0002591939543065691,-2.3884665726141606e-05,5.434029837217258e-06,-0.002688405014863967,-0.008674753562379825
ltown,0.0005,balanced,False,exclusion_main_effect,115811,-0.004154531864442201,-0.00814585047293396,-0.002672324916269305,0.0014196975962414242,-0.0011345215535747966,-0.0009579137671533547,-1.783760643105171e-05,1.6634783331947085e-05,-0.002937506242195668,-0.00814585047293396
ltown,0.0005,balanced,False,irls_main_effect,110811,0.013359944410153257,0.008052930814641016,0.009609952997667814,0.004726662865024951,0.012467788401988755,0.009837579579095479,-2.202602647113775e-06,-8.802560644097922e-05,0.009643455897895134,0.008052930814641016
ltown,0.0005,balanced,False,irls_main_effect,111811,0.016261063824863604,0.022599759484719355,0.00299134157281139,0.014711117259845197,0.016846329650232878,0.014356061775145942,3.954210245358762e-07,-0.00014507280016881198,0.014681922358494526,0.022599759484719355
ltown,0.0005,balanced,False,irls_main_effect,112811,0.015064811655622437,0.021767495774934236,0.00441137784838012,0.0068743968742288235,0.01455694772475515,0.012117677072668401,-4.76266237460683e-06,-0.0001013405142967546,0.012535005975584176,0.021767495774934236
ltown,0.0005,balanced,False,irls_main_effect,113811,0.014312283856132165,0.012152006057821166,0.010422832900559786,0.009548651885358342,0.018814370696306204,0.011896766732682121,1.3263407597910234e-05,-9.680298328773892e-05,0.013050029079235506,0.012152006057821166
ltown,0.0005,balanced,False,irls_main_effect,114811,0.0134707470800155,0.01222263812519401,0.008268144129083369,0.005643199031854988,0.017210236178170784,0.010900978048199506,9.55386629045665e-06,-0.00011388339126934083,0.011362992908863742,0.01222263812519401
ltown,0.0005,balanced,False,irls_main_effect,115811,0.018489855943580935,0.027552838372944644,0.008833143739733615,0.005897934051336096,0.02143949743106564,0.014468454144757262,5.153086302303837e-06,-0.00014000942637722145,0.016442653907732196,0.027552838372944644
ltown,0.005,pooled,False,exclusion_when_irls_on,110811,-0.0011273329221646773,-0.01751924428045622,-0.0023086334160917024,0.00033308392681534,-0.0013379645707572256,-0.003018566312656956,7.514761972505822e-06,1.4555415238272151e-05,-0.00439201825253092,-0.01751924428045622
ltown,0.005,pooled,False,exclusion_when_irls_on,111811,-0.00039429788755196427,-0.010563235036408769,-0.0003953387421224974,-0.003526291845042384,-0.0014581353167307427,-0.003740732889238855,1.9243823194079223e-05,2.4525864143371717e-05,-0.003267459765571227,-0.010563235036408769
ltown,0.005,pooled,False,exclusion_when_irls_on,112811,-0.001189249464461158,-0.00685368554924944,0.0015166965707519668,-0.004036793768504299,0.0007151948088758667,-0.002869483445901766,1.596135498516882e-05,1.6870826781443756e-05,-0.0019695674805173535,-0.00685368554924944
ltown,0.005,pooled,False,exclusion_when_irls_on,113811,0.00043516325407481443,-0.011500156497375902,9.095815912552041e-05,-0.000723083478950115,-0.0005713085954454818,-0.001908668335094658,1.1030952853707503e-05,2.7724004760211625e-05,-0.00245368543171424,-0.011500156497375902
ltown,0.005,pooled,False,exclusion_when_irls_on,114811,-0.0008944389347919449,-0.00888932370022133,-0.001410267568996204,0.0005170610874635958,0.0016255409638817146,-0.0011417855771932068,8.492325591517026e-06,1.6186471855540833e-05,-0.0018102856305329078,-0.00888932370022133
ltown,0.005,pooled,False,exclusion_when_irls_on,115811,0.0012617383149754469,-0.012243482153352025,0.0004933208996653985,0.002001058473367993,-0.0004480611464946123,-0.0009556314651834411,1.0041911768592063e-05,2.2410749766650953e-05,-0.001787085122367656,-0.012243482153352025
ltown,0.005,pooled,False,exclusion_when_irls_off,110811,0.0010605721189019073,0.007157981749494853,0.005230115751087301,0.005616673736715557,0.0034137243572739395,-0.0018211280972723436,6.374591190470452e-05,6.88494244603984e-05,0.004495813542694682,0.007157981749494853
ltown,0.005,pooled,False,exclusion_when_irls_off,111811,0.006067143615132016,0.011028722109366748,0.009995049817444665,0.011751890878041774,0.005106675084501577,0.003662571207975085,5.008666310787744e-05,4.465558282708247e-05,0.008789896300897326,0.011028722109366748
ltown,0.005,pooled,False,exclusion_when_irls_off,112811,0.004551097064931804,0.00728128854646178,0.010542364737704424,0.008585315480177677,0.002989658434387773,-0.0011648310313370953,6.847936171056297e-05,9.290510090603272e-05,0.006789944852732692,0.00728128854646178
ltown,0.005,pooled,False,exclusion_when_irls_off,113811,0.0052766001203826685,0.00021806165881036824,0.008761926926256103,0.011978263690774408,0.002592991602536269,0.0013229327059124385,5.883174855310668e-05,7.485481285257138e-05,0.005765568799751948,0.00021806165881036824
ltown,0.005,pooled,False,exclusion_when_irls_off,114811,0.0010836615883677385,0.012331220608042148,0.009105098087277405,0.010785380332038205,0.0008567101368481822,0.0014550579610636734,5.0423183199632285e-05,7.815753553103997e-05,0.006832414150514721,0.012331220608042148
ltown,0.005,pooled,False,exclusion_when_irls_off,115811,-0.0010828641018379253,0.008081206548178085,0.0052965867175760835,0.008494016113944921,0.00261384263601816,9.139997508111897e-05,5.020955884296035e-05,7.092886781816331e-05,0.004680557582775968,0.008081206548178085
ltown,0.005,pooled,False,irls_when_exclusion_on,110811,0.009769839131190191,-0.0062598173908976484,0.004756185902694147,0.0017771460395209864,0.007621804189849812,0.010095309204535052,-5.078942574521174e-05,-0.00010142582999367416,0.003533031574471527,-0.0062598173908976484
ltown,0.005,pooled,False,irls_when_exclusion_on,111811,0.007146168147110925,0.0015774065741454384,0.0014271011271541623,0.0009409193125758571,0.013195098890478504,0.009628637594441214,-3.2160909995584464e-05,-0.00011453115802800948,0.004857338810292933,0.0015774065741454384
ltown,0.005,pooled,False,irls_when_exclusion_on,112811,0.008716857354851651,0.006335425517395336,0.0005203979232920227,0.0022786332151990183,0.010302455736598418,0.011887683687980655,-5.2518006725394155e-05,-0.0001215623957128687,0.005630753949467289,0.006335425517395336
ltown,0.005,pooled,False,irls_when_exclusion_on,113811,0.010335662578697224,-0.0013530672291358625,0.00780146118240177,0.0010174364653726304,0.012295437396361334,0.011688575607682475,-4.937664610707168e-05,-0.00011112705241384825,0.006019386078739346,-0.0013530672291358625
ltown,0.005,pooled,False,irls_when_exclusion_on,114811,0.01090198778149624,-0.009601949963843634,0.0035466383886878137,0.002131195983145484,0.016451126435058083,0.010817947946749654,-3.503084306500769e-05,-0.0001274106570343285,0.00468579972490879,-0.009601949963843634
ltown,0.005,pooled,False,irls_when_exclusion_on,115811,0.015242937062136567,0.008374745153131006,0.006333308212520243,-0.0006135844659151587,0.01743962908706657,0.013066460691821158,-3.488243035405667e-05,-0.0001180607539253468,0.0093554070097878,0.008374745153131006
ltown,0.005,pooled,False,irls_when_exclusion_off,110811,0.011957744172256776,0.018417408639053428,0.01229493506987315,0.007060735849421203,0.012373493117880977,0.011292747419919666,5.441724186986962e-06,-4.713182077154791e-05,0.01242086336969713,0.018417408639053428
ltown,0.005,pooled,False,irls_when_exclusion_off,111811,0.013607609649794905,0.023169363719920955,0.011817489686721324,0.016219102035660016,0.019759909291710825,0.017031941691655155,-1.3180700817862479e-06,-9.440143934429871e-05,0.016914694876761487,0.023169363719920955
ltown,0.005,pooled,False,irls_when_exclusion_off,112811,0.014457203884244615,0.020470399613106555,0.00954606609024448,0.014900742463880992,0.012576919362110325,0.013592336102545325,0.0,-4.552812158827972e-05,0.014390266282717334,0.020470399613106555
ltown,0.005,pooled,False,irls_when_exclusion_off,113811,0.015177099445005079,0.010365150927050407,0.016472429949532352,0.013718783635097154,0.015459737594343085,0.014920176648689573,-1.5758504076725016e-06,-6.399624432148848e-05,0.014238640310205533,0.010365150927050407
ltown,0.005,pooled,False,irls_when_exclusion_off,114811,0.012880088304655923,0.011618594344419845,0.014062004044961421,0.012399515227720093,0.01568229560802455,0.013414791485006535,6.900014543107564e-06,-6.543959335882935e-05,0.013328499505956418,0.011618594344419845
ltown,0.005,pooled,False,irls_when_exclusion_off,115811,0.012898334645323195,0.028699433854661116,0.011136574030430927,0.005879373174661769,0.020501532869579342,0.014113492132085717,5.2852167203116195e-06,-6.954263587383441e-05,0.015823049714931425,0.028699433854661116
ltown,0.005,pooled,False,interaction,110811,-0.0021879050410665846,-0.024677226029951076,-0.007538749167179004,-0.005283589809900217,-0.004751688928031165,-0.0011974382153846126,-5.623114993219869e-05,-5.429400922212624e-05,-0.008887831795225601,-0.024677226029951076
ltown,0.005,pooled,False,interaction,111811,-0.0064614415026839804,-0.021591957145775515,-0.010390388559567162,-0.015278182723084158,-0.00656481040123232,-0.00740330409721394,-3.0842839913798214e-05,-2.012971868371075e-05,-0.012057356066468553,-0.021591957145775515
ltown,0.005,pooled,False,interaction,112811,-0.005740346529392963,-0.01413497409571122,-0.009025668166952458,-0.012622109248681975,-0.0022744636255119057,-0.0017046524145646706,-5.251800672539415e-05,-7.603427412458895e-05,-0.008759512333250044,-0.01413497409571122
ltown,0.005,pooled,False,interaction,113811,-0.004841436866307854,-0.01171821815618627,-0.008670968767130582,-0.012701347169724523,-0.003164300197981751,-0.0032316010410070963,-4.780079569939917e-05,-4.7130808092359776e-05,-0.008219254231466189,-0.01171821815618627
ltown,0.005,pooled,False,interaction,114811,-0.0019781005231596835,-0.021220544308263478,-0.010515365656273609,-0.010268319244574609,0.0007688308270335323,-0.00259684353825688,-4.1930857608115254e-05,-6.197106367549914e-05,-0.008642699781047628,-0.021220544308263478
ltown,0.005,pooled,False,interaction,115811,0.002344602416813372,-0.02032468870153011,-0.004803265817910685,-0.006492957640576928,-0.0030619037825127724,-0.0010470314402645602,-4.0167647074368287e-05,-4.851811805151236e-05,-0.006467642705143624,-0.02032468870153011
ltown,0.005,pooled,False,exclusion_main_effect,110811,-3.338040163138508e-05,-0.005180631265480684,0.0014607411674977995,0.0029748788317654484,0.001037879893258357,-0.00241984720496465,3.563033693860517e-05,4.170241984933527e-05,5.189764508188125e-05,-0.005180631265480684
ltown,0.005,pooled,False,exclusion_main_effect,111811,0.002836422863790026,0.00023274353647898907,0.004799855537661084,0.004112799516499695,0.0018242698838854172,-3.908084063188507e-05,3.466524315097833e-05,3.4590723485227097e-05,0.0027612182676630495,0.00023274353647898907
ltown,0.005,pooled,False,exclusion_main_effect,112811,0.0016809238002353233,0.00021380149860616982,0.006029530654228195,0.0022742608558366886,0.0018524266216318197,-0.0020171572386194305,4.22203583478659e-05,5.488796384373824e-05,0.002410188686107669,0.00021380149860616982
ltown,0.005,pooled,False,exclusion_main_effect,113811,0.0028558816872287416,-0.005641047419282767,0.004426442542690812,0.005627590105912146,0.0010108415035453937,-0.0002928678145911097,3.493135070340709e-05,5.1289408806391506e-05,0.0016559416840188541,-0.005641047419282767
ltown,0.005,pooled,False,exclusion_main_effect,114811,9.461132678789674e-05,0.0017209484539104092,0.0038474152591406,0.0056512207097509,0.0012411255503649483,0.00015663619193523326,2.9457754395574654e-05,4.7172003693290406e-05,0.0025110642599909063,0.0017209484539104092
ltown,0.005,pooled,False,exclusion_main_effect,115811,8.943710656876085e-05,-0.0020811378025869707,0.0028949538086207407,0.005247537293656457,0.0010828907447617737,-0.00043211574505116107,3.0125735305776205e-05,4.666980879240714e-05,0.001446736230204156,-0.0020811378025869707
ltown,0.005,pooled,False,irls_main_effect,110811,0.010863791651723484,0.006078795624077889,0.008525560486283649,0.004418940944471095,0.009997648653865395,0.010694028312227358,-2.267385077911239e-05,-7.427882538261104e-05,0.007976947472084328,0.006078795624077889
ltown,0.005,pooled,False,irls_main_effect,111811,0.010376888898452915,0.012373385147033197,0.006622295406937743,0.008580010674117936,0.016477504091094664,0.013330289643048185,-1.6739490038685357e-05,-0.00010446629868615408,0.01088601684352721,0.012373385147033197
ltown,0.005,pooled,False,irls_main_effect,112811,0.011587030619548133,0.013402912565250946,0.005033232006768251,0.008589687839540006,0.011439687549354371,0.01274000989526299,-2.6259003362697077e-05,-8.35452586505742e-05,0.010010510116092311,0.013402912565250946
ltown,0.005,pooled,False,irls_main_effect,113811,0.012756381011851151,0.004506041848957272,0.012136945565967061,0.007368110050234892,0.01387758749535221,0.013304376128186024,-2.5476248257372092e-05,-8.756164836766836e-05,0.010129013194472439,0.004506041848957272
ltown,0.005,pooled,False,irls_main_effect,114811,0.011891038043076082,0.001008322190288106,0.008804321216824618,0.007265355605432788,0.016066711021541318,0.012116369715878095,-1.4065414260950064e-05,-9.642512519657892e-05,0.009007149615432605,0.001008322190288106
ltown,0.005,pooled,False,irls_main_effect,115811,0.014070635853729882,0.01853708950389606,0.008734941121475584,0.002632894354373305,0.018970580978322955,0.013589976411953439,-1.4798606816872524e-05,-9.380169489959062e-05,0.012589228362359614,0.01853708950389606
ltown,0.005,balanced,False,exclusion_when_irls_on,110811,-0.002614078024990363,-0.010972648587023773,-0.0024602911925061624,-0.006915697445157483,-0.001691472023328607,-0.006282980641874862,3.7055550416149355e-05,5.0366357491163955e-05,-0.00493083745460136,-0.010972648587023773
ltown,0.005,balanced,False,exclusion_when_irls_on,111811,-0.002236556959967643,-0.0033734589892764344,-0.0005346821800967794,-0.0024863101253178588,-0.002634703877318715,-0.004626242358799122,4.244185663351721e-05,4.9514480440392e-05,-0.0022531424263954047,-0.0033734589892764344
ltown,0.005,balanced,False,exclusion_when_irls_on,112811,-0.0022510888345699622,-0.00394040154759893,0.002151760719595478,-0.006206879985495924,-0.002088501736314067,-0.005673586448620298,4.144803471955124e-05,4.9225837047226275e-05,-0.0024670222768767105,-0.00394040154759893
ltown,0.005,balanced,False,exclusion_when_irls_on,113811,-0.0006898249712264937,-0.016039528071829068,-0.002543038996852968,-0.0016394953971348158,-0.0008566538429212548,-0.005298486879083593,4.228531927254541e-05,6.838587840852198e-05,-0.004353708255992905,-0.016039528071829068
ltown,0.005,balanced,False,exclusion_when_irls_on,114811,-0.0005989514731744213,-0.002337071130182814,-0.0059835654837710655,-0.003069467959950445,-0.0006190745501885772,-0.0023052930070398547,6.369244193637779e-06,1.595523654331883e-05,-0.002521626119453465,-0.002337071130182814
ltown,0.005,balanced,False,exclusion_when_irls_on,115811,-0.0011850629600960911,-0.0056809218217741915,-0.002444610268893791,0.0007746038654329693,-0.0018843600481033655,-0.0013358210308134593,-7.927825080467511e-07,2.2641788424039128e-05,-0.0020840702466868497,-0.0056809218217741915
ltown,0.005,balanced,False,exclusion_when_irls_off,110811,-0.007526250005781739,-0.016151066713277595,-0.0017774791455633654,-0.0011582714549639068,-0.0033054607960828486,0.0001618156383287698,-5.8045057994527716e-05,-4.759389744577868e-05,-0.005983705623133846,-0.016151066713277595
ltown,0.005,balanced,False,exclusion_when_irls_off,111811,0.002809123995937024,-0.010124165007327749,0.0036265513086818726,-0.006142680134280061,-0.0047401599554228735,0.0018228590815327166,-6.432181999116892e-05,-5.94636517438352e-05,-0.0029142659584823574,-0.010124165007327749
ltown,0.005,balanced,False,exclusion_when_irls_off,112811,-0.002680360219769806,-0.024092903766771794,-0.0018785988936992348,-0.003807049742636459,-0.0014300103876303167,-0.00048503352033916575,-5.586474244809083e-05,-2.1724078321311117e-05,-0.006777784602101544,-0.024092903766771794
ltown,0.005,balanced,False,exclusion_when_irls_off,113811,-0.00016329091097107748,-0.01830292153341062,0.001379480465513135,-0.0015935738004235016,-0.0035052618707993957,0.0007161502404845107,-4.7275512230175014e-05,-2.7492971387209802e-05,-0.004437113530018262,-0.01830292153341062
ltown,0.005,balanced,False,exclusion_when_irls_off,114811,-0.0032350042194169517,-0.012505877415360097,0.0010108855687241958,-0.00018748104769143273,-0.004032530622161061,0.002685819406668455,-8.359633004149562e-05,-5.225918056217469e-05,-0.003790001547181084,-0.012505877415360097
ltown,0.005,balanced,False,exclusion_when_irls_off,115811,-0.007236005401516847,-0.010747494040068695,-0.005698293508610249,-0.0004224485188211169,-0.0013391384706911147,0.001065447559559174,-8.112807665678334e-05,-4.2973190274196684e-05,-0.005088675987941567,-0.010747494040068695
ltown,0.005,balanced,False,irls_when_exclusion_on,110811,0.016573460904300785,0.012627969216857937,0.010064950431303324,0.0014504694031946725,0.013898314522997723,0.0067838580519372265,4.871638795969288e-05,-4.389728405193192e-05,0.010923032895730858,0.012627969216857937
ltown,0.005,balanced,False,irls_when_exclusion_on,111811,0.015182796267238027,0.027260437698012896,0.0004664625364715717,0.015533276608585278,0.01854345352208364,0.011453673449147198,5.140473318966367e-05,-9.9954465188081e-05,0.015397285326478327,0.027260437698012896
ltown,0.005,balanced,False,irls_when_exclusion_on,112811,0.01618526432054142,0.03295910959534779,0.007131262540593005,0.005252436660049413,0.015083156088512037,0.009401748952986918,4.865638858382103e-05,-6.58655566124859e-05,0.015322245841008683,0.03295910959534779
ltown,0.005,balanced,False,irls_when_exclusion_on,113811,0.014745173817972801,0.013774613658209903,0.008672598309596177,0.00865228544571243,0.02113569142074238,0.00890351117260361,6.040759896077918e-05,-5.498594277441971e-05,0.013396072530446649,0.013774613658209903
ltown,0.005,balanced,False,irls_when_exclusion_on,114811,0.015845950290574267,0.020048686455769515,0.004302552842083622,0.0028157393327998457,0.019420822629547325,0.008307650471464126,5.7323197742739866e-05,-8.763818333214245e-05,0.012486750310154929,0.020048686455769515
ltown,0.005,balanced,False,irls_when_exclusion_on,115811,0.02221069472167721,0.02986124464464564,0.010569775985837526,0.006051682449211615,0.022146608902848513,0.013266577475838814,4.756695048280454e-05,-0.00011343998077758366,0.018168001340844103,0.02986124464464564
ltown,0.005,balanced,False,irls_when_exclusion_off,110811,0.011661288923509408,0.007449551090604116,0.010747762478246123,0.007207895393388249,0.012284325750243482,0.013228654332140858,-4.638422045098419e-05,-0.00014185753898887456,0.009870164727198372,0.007449551090604116
ltown,0.005,balanced,False,irls_when_exclusion_off,111811,0.020228477223142693,0.02050973167996158,0.0046276960252502235,0.011876906599623075,0.016437997443979484,0.01790277488947904,-5.535894343502245e-05,-0.0002089325973723082,0.014736161794391375,0.02050973167996158
ltown,0.005,balanced,False,irls_when_exclusion_off,112811,0.01575599293534158,0.01280660737617493,0.0031009029272982915,0.0076522669029088775,0.015741647437195787,0.01459030188126805,-4.865638858382105e-05,-0.00013681547198102329,0.011011483515783849,0.01280660737617493
ltown,0.005,balanced,False,irls_when_exclusion_off,113811,0.015271707878228217,0.01151122019662835,0.01259511777196228,0.008698207042423745,0.01848708339286424,0.014918148292171715,-2.915323254194124e-05,-0.00015086479257015147,0.013312667256421292,0.01151122019662835
ltown,0.005,balanced,False,irls_when_exclusion_off,114811,0.013209897544331736,0.009879880170592234,0.011297003894578883,0.005697726245058858,0.016007366557574843,0.013298762885172436,-3.264237649239353e-05,-0.00015585260043763597,0.01121837488242731,0.009879880170592234
ltown,0.005,balanced,False,irls_when_exclusion_off,115811,0.016159752280256456,0.02479467242635114,0.007316092746121068,0.0048546300649575285,0.02269183048026076,0.01566784606621145,-3.276834366593205e-05,-0.00017905495947581946,0.015163395599589383,0.02479467242635114
ltown,0.005,balanced,False,interaction,110811,0.004912171980791376,0.005178418126253821,-0.0006828120469427971,-0.0057574259901935765,0.0016139887727542417,-0.006444796280203631,9.510060841067707e-05,9.796025493694263e-05,0.0010528681685324874,0.005178418126253821
ltown,0.005,balanced,False,interaction,111811,-0.005045680955904667,0.006750706018051315,-0.004161233488778652,0.003656370008962203,0.0021054560781041585,-0.006449101440331839,0.00010676367662468612,0.0001089781321842272,0.0006611235320869527,0.006750706018051315
ltown,0.005,balanced,False,interaction,112811,0.0004292713851998438,0.020152502219172863,0.0040303596132947135,-0.002399830242859465,-0.0006584913486837504,-0.005188552928281132,9.731277716764208e-05,7.094991536853739e-05,0.004310762325224833,0.020152502219172863
ltown,0.005,balanced,False,interaction,113811,-0.0005265340602554162,0.002263393461581553,-0.003922519462366103,-4.5921596711314315e-05,0.002648608027878141,-0.006014637119568104,8.956083150272043e-05,9.587884979573177e-05,8.340527402535732e-05,0.002263393461581553
ltown,0.005,balanced,False,interaction,114811,0.0026360527462425307,0.010168806285177282,-0.006994451052495261,-0.0028819869122590123,0.0034134560719724836,-0.00499111241370831,8.99655742351334e-05,6.821441710549352e-05,0.0012683754277276194,0.010168806285177282
ltown,0.005,balanced,False,interaction,115811,0.006050942441420755,0.005066572218294503,0.0032536832397164575,0.0011970523842540863,-0.0005452215774122507,-0.002401268590372633,8.033529414873659e-05,6.561497869823582e-05,0.003004605741254718,0.005066572218294503
ltown,0.005,balanced,False,exclusion_main_effect,110811,-0.005070164015386051,-0.013561857650150685,-0.002118885169034764,-0.004036984450060695,-0.0024984664097057276,-0.003060582501773046,-1.0494753789189179e-05,1.3862300226926375e-06,-0.005457271538867603,-0.013561857650150685
ltown,0.005,balanced,False,exclusion_main_effect,111811,0.0002862835179846905,-0.0067488119983020916,0.0015459345642925466,-0.00431449512979896,-0.0036874319163707945,-0.001401691638633203,-1.0939981678825851e-05,-4.9745856517216e-06,-0.0025837041924388813,-0.0067488119983020916
ltown,0.005,balanced,False,exclusion_main_effect,112811,-0.0024657245271698844,-0.014016652657185361,0.00013658091294812177,-0.005006964864066192,-0.001759256061972192,-0.0030793099844797314,-7.208353864269794e-06,1.3750879362957577e-05,-0.004622403439489127,-0.014016652657185361
ltown,0.005,balanced,False,exclusion_main_effect,113811,-0.0004265579410987856,-0.017171224802619844,-0.0005817792656699164,-0.0016165345987791586,-0.002180957856860325,-0.0022911683192995413,-2.495096478814801e-06,2.0446453510656085e-05,-0.004395410893005584,-0.017171224802619844
ltown,0.005,balanced,False,exclusion_main_effect,114811,-0.0019169778462956866,-0.0074214742727714555,-0.002486339957523435,-0.0016284745038209387,-0.002325802586174819,0.00019026319981430007,-3.8613542923928916e-05,-1.815197200942793e-05,-0.0031558138333172745,-0.0074214742727714555
ltown,0.005,balanced,False,exclusion_main_effect,115811,-0.004210534180806469,-0.008214207930921444,-0.00407145188875202,0.00017607767330592625,-0.00161174925939724,-0.00013518673562714265,-4.0960429582415044e-05,-1.0165700925078778e-05,-0.0035863731173142086,-0.008214207930921444
ltown,0.005,balanced,False,irls_main_effect,110811,0.014117374913905098,0.010038760153731027,0.010406356454774723,0.004329182398291461,0.013091320136620602,0.010006256192039042,1.166083754354345e-06,-9.287741152040324e-05,0.010396598811464616,0.010038760153731027
ltown,0.005,balanced,False,irls_main_effect,111811,0.01770563674519036,0.02388508468898724,0.0025470792808608977,0.013705091604104177,0.01749072548303156,0.014678224169313117,-1.97710512267939e-06,-0.0001544435312801946,0.01506672356043485,0.02388508468898724
ltown,0.005,balanced,False,irls_main_effect,112811,0.0159706286279415,0.022882858485761364,0.005116082733945648,0.006452351781479145,0.015412401762853911,0.011996025417127484,-9.03501810404587e-21,-0.0001013405142967546,0.013166864678396265,0.022882858485761364
ltown,0.005,balanced,False,irls_main_effect,113811,0.01500844084810051,0.012642916927419126,0.010633858040779228,0.008675246244068088,0.01981138740680331,0.011910829732387662,1.562718320941897e-05,-0.0001029253676722856,0.01335436989343397,0.012642916927419126
ltown,0.005,balanced,False,irls_main_effect,114811,0.014527923917453,0.014964283313180874,0.007799778368331252,0.004256732788929352,0.017714094593561085,0.010803206678318281,1.2340410625173167e-05,-0.00012174539188488921,0.01185256259629112,0.014964283313180874
ltown,0.005,balanced,False,irls_main_effect,115811,0.019185223500966835,0.02732795853549839,0.008942934365979297,0.005453156257084572,0.022419219691554637,0.014467211771025132,7.399303408436244e-06,-0.00014624747012670155,0.016665698470216744,0.02732795853549839
