model_seed,source,baseline_f1,history_f1,difference
701,110811,0.6728971962616822,0.6963673749143249,0.02347017865264267
701,111811,0.7026699029126213,0.7231121281464531,0.020442225233831768
701,112811,0.7140695915279879,0.7362401715511079,0.02217058002312
701,113811,0.6937334510150044,0.7182506307821699,0.024517179767165498
701,114811,0.706500328299409,0.7417135709818636,0.035213242682454626
701,115811,0.7381905524419535,0.7503782148260212,0.012187662384067655
702,110811,0.6823529411764706,0.6985645933014354,0.01621165212496478
702,111811,0.7018779342723005,0.7264260768335273,0.024548142561226838
702,112811,0.7065527065527065,0.7335689045936395,0.027016198040933026
702,113811,0.6921768707482994,0.7117497886728656,0.01957291792456628
702,114811,0.7070835992342055,0.7277321541377132,0.0206485549035077
702,115811,0.7330246913580247,0.7459954233409611,0.012970731982936412
703,110811,0.6785714285714286,0.700960219478738,0.022388790907309386
703,111811,0.7066748315982854,0.7328687572590011,0.026193925660715767
703,112811,0.7102102102102102,0.7412687099073414,0.031058499697131148
703,113811,0.7086330935251799,0.7387543252595156,0.030121231734335674
703,114811,0.7090788601722995,0.7406940063091483,0.03161514613684879
703,115811,0.7536466774716369,0.765661252900232,0.012014575428595076
704,110811,0.6835443037974683,0.7095908786049631,0.026046574807494727
704,111811,0.701018573996405,0.7346938775510204,0.033675303554615454
704,112811,0.712166172106825,0.7449617790132036,0.032795606906378616
704,113811,0.6984969053934571,0.7210884353741497,0.022591529980692582
704,114811,0.7071895424836602,0.7434944237918215,0.03630488130816134
704,115811,0.7464342313787639,0.7603305785123967,0.013896347133632858
705,110811,0.6799431009957326,0.7042062415196744,0.02426314052394174
705,111811,0.7014563106796117,0.7274800456100342,0.026023734930422537
705,112811,0.7090501121914734,0.7285513361462729,0.019501223954799474
705,113811,0.6947179946284691,0.7206132879045997,0.025895293276130604
705,114811,0.7058823529411765,0.7329580988117573,0.027075745870580814
705,115811,0.733652312599681,0.7509405568096313,0.017288244209950343
