network,diagnostic,description,mean_pooled_f1,model_mean_sd_pooled_f1,source_mean_sd_pooled_f1,mean_random,model_mean_sd_random,source_mean_sd_random,mean_replay,model_mean_sd_replay,source_mean_sd_replay,mean_drift,model_mean_sd_drift,source_mean_sd_drift,mean_noise,model_mean_sd_noise,source_mean_sd_noise,mean_targeted,model_mean_sd_targeted,source_mean_sd_targeted,mean_family_macro_f1,model_mean_sd_family_macro_f1,source_mean_sd_family_macro_f1,mean_worst_family_f1,model_mean_sd_worst_family_f1,source_mean_sd_worst_family_f1,mean_clean_fpr,model_mean_sd_clean_fpr,source_mean_sd_clean_fpr,mean_all_negative_fpr,model_mean_sd_all_negative_fpr,source_mean_sd_all_negative_fpr,mean_evaluation_clean_fpr_percent,difference_from_full_pooled_f1,difference_from_full_random,difference_from_full_replay,difference_from_full_drift,difference_from_full_noise,difference_from_full_targeted,difference_from_full_family_macro_f1,difference_from_full_worst_family_f1,difference_from_full_clean_fpr,difference_from_full_all_negative_fpr
modena,original,Full frozen rule,0.8669409104245588,0.003443101271447035,0.011784612749171742,0.954947208921896,0.0040900302824447505,0.009500325163248046,0.928269981274849,0.002202850775074649,0.018387647213328306,0.827376774268237,0.005567821083828354,0.04219275286928231,0.8438711183456954,0.003196485087566548,0.03492763018051667,0.9680178781561325,0.002537235890107812,0.010930133227651635,0.9044965921933621,0.0024121669734729575,0.012641821171985769,0.8167098570252602,0.004214042795950831,0.04266918628483997,0.0005841602739507679,8.386508610162308e-05,7.736474806463992e-05,0.0006667241008980375,8.314611058726033e-05,9.248733903136959e-05,0.05841602739507679,0.0,0.0,0.0,0.0,0.0,0.0,0.0,0.0,0.0,0.0
modena,general_only,General alarms only,0.7199927097764672,0.004991634263686163,0.016458882215925973,0.8580794981399394,0.0053214152180254,0.018650917847921354,0.9279408499310892,0.0022062314949620205,0.01606994135693742,0.4978600350010532,0.005494556384635612,0.08123002918384768,0.4490690989673115,0.0145291657329483,0.07386810220905887,0.8832040541933489,0.00400147330723327,0.023434844909183253,0.7232307072465486,0.0052491372640324835,0.02043027855807807,0.43839792239726166,0.012301606567794533,0.07305306694843466,0.00026274961610202243,3.932929797458587e-06,6.340555727697554e-05,0.0002904085351108067,4.30792720505605e-06,6.600238442867758e-05,0.026274961610202242,-0.14694820064809155,-0.09686771078195655,-0.00032913134375989195,-0.3295167392671838,-0.3948020193783839,-0.08481382396278359,-0.1812658849468135,-0.37831193462799856,-0.0003214106578487455,-0.00037631556578723076
modena,general_plus_drift,General + Drift alarms,0.8283740765353066,0.002761949591048526,0.013611816208749078,0.9547337267925072,0.004279651443982129,0.009474513180912213,0.9286752054595543,0.0022291213088548706,0.01585807497306343,0.8250781456636453,0.006222319500193363,0.04411667822405271,0.5653731984415892,0.014035582051100918,0.059369078433347586,0.9681411791915059,0.0024573238987114564,0.011038758914000399,0.8484002911097605,0.00516485165827172,0.016887213020183083,0.5653731984415892,0.014035582051100918,0.059369078433347586,0.0005172748521055405,7.949119477390924e-05,7.981686587904682e-05,0.0005315102719713075,7.911964370175904e-05,8.205165489317757e-05,0.05172748521055405,-0.038566833889252194,-0.00021348212938876454,0.0004052241847052329,-0.0022986286045916238,-0.2784979199041062,0.000123301035373391,-0.05609630108360164,-0.25133665858367105,-6.68854218452274e-05,-0.00013521382892673
modena,general_plus_noise,General + Noise alarms,0.7913723512381419,0.0033540074388602767,0.015587468033426607,0.8609545903086194,0.005125229813685641,0.01641485519813902,0.9282063837791557,0.0020028365411403895,0.01871742464063942,0.5504757875245101,0.020401053735791118,0.08501712221604288,0.8389290717260156,0.004479073057120962,0.03661084244176076,0.8852600110574559,0.0036510997405181985,0.02440478287425911,0.8127651688791512,0.005533007477489937,0.01623266482043512,0.5504757875245101,0.020401053735791118,0.08501712221604288,0.00033539105559253783,3.3993403790902026e-05,5.981021895471355e-05,0.00043245969774646233,4.273881833930088e-05,7.71734275444688e-05,0.03353910555925378,-0.07556855918641692,-0.09399261861327657,-6.359749569340156e-05,-0.2769009867437269,-0.004942046619679785,-0.08275786709867661,-0.09173142331421091,-0.2662340695007501,-0.0002487692183582301,-0.00023426440315157514
modena,specialists_only,Drift + Noise alarms,0.6612217796171576,0.013909021036963298,0.022241719987511403,0.6236250608638311,0.03834895591560324,0.029126478430373998,0.023360244001983933,0.006133727732737503,0.019818961506580485,0.8152375747407817,0.0085409579330617,0.03543605056554648,0.8395753890765838,0.004587391984097379,0.03518001223360828,0.6252166427176493,0.04004533279889144,0.021379700346694723,0.585402982280166,0.016514622023262655,0.017725192635325973,0.023360244001983933,0.006133727732737503,0.019818961506580485,0.00035489921088682216,9.033332807900007e-05,4.081599514924705e-05,0.00041180952508842816,8.98391690625893e-05,4.6976842057126696e-05,0.035489921088682215,-0.20571913080740123,-0.3313221480580649,-0.9049097372728652,-0.012139199527455236,-0.004295729269111592,-0.3428012354384832,-0.31909360991319613,-0.7933496130232763,-0.00022926106306394575,-0.0002549145758096093
modena,without_verifier,Verifier bypassed,0.67368068716863,0.002073394877646378,0.021229967221676256,0.9470196988123404,0.002140081682071895,0.01895131555369229,0.9247099479601125,0.0023511003511885,0.017981255202688954,0.8289253555214015,0.002381934178617508,0.031946138433741694,0.8521583010514873,0.001609908866567098,0.030507325766873022,0.9567136755901885,0.0012721523431448983,0.010052375229537409,0.9019053957871059,0.0010976101621673622,0.010558558342580519,0.8232888960748035,0.0015878581470918317,0.03251842920249607,0.004578178932409489,4.5108526623337585e-05,0.0004738236431739002,0.0044539968568099875,4.468231789841062e-05,0.00043569370625260795,0.45781789324094885,-0.19326022325592873,-0.007927510109555613,-0.0035600333147365326,0.0015485812531644827,0.008287182705791873,-0.011304202565944,-0.0025911964062561577,0.006579039049543267,0.003994018658458721,0.00378727275591195
modena,without_router_feedback,External replay veto disabled,0.8663242903557618,0.003527708636806671,0.012031836810031733,0.954947208921896,0.0040900302824447505,0.009500325163248046,0.9219467161091583,0.0025517656844718586,0.019021127487733092,0.827376774268237,0.005567821083828354,0.04219275286928231,0.843981545785348,0.0031825428282957944,0.03481966857550157,0.9680456979081417,0.0025193624429975395,0.010938073699480829,0.9032595885985562,0.0021000899816071704,0.01296437987740384,0.8167154589911629,0.0041920727179592275,0.04263129580120945,0.0005847707469546958,8.402534505379879e-05,7.739809360740201e-05,0.0006769348605476733,8.521721162969018e-05,9.559617251021168e-05,0.058477074695469575,-0.0006166200687970358,0.0,-0.006323265165690706,0.0,0.00011042743965261614,2.7819752009161647e-05,-0.001237003594805941,5.601965902712891e-06,6.104730039278644e-07,1.021075964963581e-05
modena,without_both_guards,Verifier and external replay veto disabled,0.664257679326412,0.002262092337759121,0.022397082358487908,0.9469844843035042,0.002148313695204005,0.018975238798699688,0.7927013157020887,0.006784400514607438,0.057506461077786716,0.8289253555214015,0.002381934178617508,0.031946138433741694,0.852140196477369,0.0016245268160048026,0.030423835968960457,0.9567580759153752,0.0011836155176385222,0.010102960773242416,0.8755018855839477,0.0020548142693091543,0.015254473819133937,0.7793138286871918,0.0051717689626866745,0.038939121700916825,0.0046029653208573005,4.59345847903352e-05,0.00047511284124407156,0.004697726887070926,4.8803989080766786e-05,0.0004403688303585723,0.46029653208573007,-0.2026832310981468,-0.007962724618391759,-0.13556866557276037,0.0015485812531644827,0.008269078131673657,-0.011259802240757288,-0.02899470660941439,-0.03739602833806843,0.004018805046906533,0.004031002786172889
ltown,original,Full frozen rule,0.8950230286248093,0.0013285412780371759,0.01092003855406659,0.9919534608033812,0.00021818557100270378,0.0011482096323305506,0.7311608824852057,0.005017845703055077,0.017341887256877384,0.8989748454994022,0.0020543756570951532,0.02914654379450713,0.9278539282964944,0.0011972032390069598,0.008549246739555911,0.9917889487359826,0.00021045684507846492,0.0011475105126005924,0.9083464131640933,0.0011898881782249108,0.00686692674653479,0.7311608824852057,0.005017845703055077,0.017341887256877384,0.0005495360252245945,2.381519140401025e-05,2.6334792722840382e-05,0.0006507857285604318,2.0031073965812006e-05,2.0206493428480647e-05,0.054953602522459455,0.0,0.0,0.0,0.0,0.0,0.0,0.0,0.0,0.0,0.0
ltown,general_only,General alarms only,0.8565357457212383,0.001575290774879388,0.013619500442567548,0.9919534608033812,0.00021818557100270378,0.0011482096323305506,0.741103658699474,0.004871365152154708,0.023978408915902888,0.814892126839913,0.001510745282632136,0.04244669051397894,0.7877254668207151,0.006543861888805506,0.01958935869250923,0.9917556619428648,0.00019170670061764984,0.0011062056242596397,0.8654860750212696,0.0021198790122318504,0.011821167331087753,0.7408319840066516,0.004662250671037563,0.0239801441511815,0.0004968671401518796,5.561612081072787e-06,2.115117996261909e-05,0.0005480817027192996,5.396078080772801e-06,1.5478647814676404e-05,0.04968671401518796,-0.03848728290357106,0.0,0.009942776214268312,-0.08408271865948924,-0.1401284614757793,-3.3286793117759395e-05,-0.04286033814282364,0.009671101521445902,-5.266888507271495e-05,-0.0001027040258411322
ltown,general_plus_drift,General + Drift alarms,0.8683182320892527,0.0020782193658610056,0.014250419071182345,0.9919534608033812,0.00021818557100270378,0.0011482096323305506,0.7415514158691866,0.004724955932107467,0.023364330183453335,0.8989655135328966,0.0020569041246379484,0.029208960623212786,0.7885763456175748,0.00653189066754227,0.020154773814060948,0.9917099093375835,0.00019934796662726307,0.0010618365603619285,0.8825513290321246,0.0019312431131601282,0.009218004886729327,0.7415514158691866,0.004724955932107467,0.023364330183453335,0.0005469177030606521,2.398532610257741e-05,2.6624057430291382e-05,0.0006074253048501371,1.7647325815150354e-05,1.8288778910350432e-05,0.05469177030606521,-0.026704796535556574,0.0,0.010390533383980882,-9.331966505654599e-06,-0.13927758267891954,-7.903939839903895e-05,-0.025795084131968626,0.010390533383980882,-2.618322163942463e-06,-4.3360423710294706e-05
ltown,general_plus_noise,General + Noise alarms,0.8842999615843323,0.0006033251435707221,0.01046204132976718,0.9919534608033812,0.00021818557100270378,0.0011482096323305506,0.7306944657395881,0.0052689075957070165,0.01803139224383076,0.8157781840771801,0.0019641537098910276,0.042360487215145605,0.9273954011468983,0.0011380797703277698,0.008182672776225624,0.9918347013595312,0.00020356986245368262,0.0011871733411005687,0.8915312426253158,0.00118345181610297,0.009466137021227249,0.7304612457625066,0.00502888596840186,0.01789838748156343,0.000499485462315822,5.47428527345509e-06,2.1532492784209858e-05,0.0005916387826518625,7.437179897619676e-06,1.621350288017746e-05,0.04994854623158221,-0.010723067040476986,0.0,-0.00046641674561764823,-0.08319666142222215,-0.0004585271495960441,4.575262354866716e-05,-0.016815170538777457,-0.0006996367226991262,-5.005056290877249e-05,-5.914694590856929e-05
ltown,specialists_only,Drift + Noise alarms,0.5409115991515949,0.004669385310030189,0.028706514092061083,0.04023406050094605,0.011635942858309668,0.05325473819853086,0.11034074110628339,0.021803682399255155,0.05626784900867667,0.8928875981548784,0.0051787692838681995,0.031879623529569905,0.9208131506178828,0.0018909098162667142,0.009336224156771017,0.024630636958968496,0.006553891010173497,0.018092831854397425,0.3977812374677919,0.007226923145460439,0.02182965894713389,0.012291408927321374,0.005256623629155233,0.014552260333650695,5.8093186802889395e-05,2.4180793738291374e-05,6.962653892411873e-06,0.00012241988541221614,2.1901478762908762e-05,1.207341199460667e-05,0.00580931868028894,-0.3541114294732144,-0.9517194003024352,-0.6208201413789223,-0.006087247344523816,-0.007040777678611554,-0.9671583117770141,-0.5105651756963013,-0.7188694735578843,-0.0004914428384217051,-0.0005283658431482157
ltown,without_verifier,Verifier bypassed,0.7272833780269424,0.007126565678135715,0.01817334916951487,0.9757349522234298,0.001225594226353747,0.001726944566608935,0.7081852039710412,0.005955324645666845,0.017401370208512745,0.9083835824357792,0.0032836154787934642,0.028279827994190432,0.9267344055638593,0.001789079104351419,0.008509402249200822,0.9752773313245179,0.0011917232911045138,0.003038511847861685,0.8988630951037255,0.0011277864940258421,0.005936774492150851,0.7081852039710412,0.005955324645666845,0.017401370208512745,0.0034085970155601874,0.00015066500259134022,0.0001445297030293199,0.003357864062112988,0.00013521989129961596,0.00012529088599295951,0.34085970155601875,-0.16773965059786689,-0.01621850857995144,-0.022975678514164488,0.009408736936377005,-0.0011195227326350476,-0.016511617411464674,-0.00948331806036773,-0.022975678514164488,0.002859060990335593,0.002707078333552556
ltown,without_router_feedback,External replay veto disabled,0.8946311315790647,0.0015105568100490189,0.010864045477216365,0.9919534608033812,0.00021818557100270378,0.0011482096323305506,0.7281477728411523,0.00582587183235217,0.015482521338161456,0.8993246058836096,0.002029696366404057,0.028778560098970823,0.9304356905342499,0.0008778838822133679,0.008506596332614417,0.9917889487359826,0.00021045684507846492,0.0011475105126005924,0.9083300957596752,0.0013941136652549449,0.006393182952625716,0.7281477728411523,0.00582587183235217,0.015482521338161456,0.0005570126395256719,2.6345704940375072e-05,2.790263302188169e-05,0.0006697622844120307,2.3344634240891928e-05,1.9662168730752805e-05,0.055701263952567186,-0.0003918970457446047,0.0,-0.0030131096440534355,0.0003497603842074204,0.002581762237755525,0.0,-1.6317404418098036e-05,-0.0030131096440534355,7.476614301077313e-06,1.8976555851598883e-05
ltown,without_both_guards,Verifier and external replay veto disabled,0.713587564363807,0.006899170830499576,0.018893047312721213,0.9757349522234298,0.001225594226353747,0.001726944566608935,0.6517783979770011,0.0012702856665598268,0.009642628010248434,0.9087666174815201,0.0032008144744893833,0.02849152320455644,0.929401819307101,0.0018506697379345714,0.008156935542683898,0.9752505064493051,0.0012095692763520183,0.003018150954214041,0.8881864586876715,0.0008803071233910853,0.005436118226779239,0.6517783979770011,0.0012702856665598268,0.009642628010248434,0.003610325813287035,0.00015208940868767184,0.00013420003600405557,0.003736353934727364,0.00014170323824939745,9.121193026239873e-05,0.36103258132870353,-0.18143546426100232,-0.01621850857995144,-0.07938248450820462,0.009791771982117892,0.0015478910106065946,-0.016538442286677446,-0.020159954476421715,-0.07938248450820462,0.0030607897880624403,0.0030855682061669324
