network,original_operating_point,mean_pooled_f1,model_mean_sd_pooled_f1,source_mean_sd_pooled_f1,mean_random,model_mean_sd_random,source_mean_sd_random,mean_replay,model_mean_sd_replay,source_mean_sd_replay,mean_drift,model_mean_sd_drift,source_mean_sd_drift,mean_noise,model_mean_sd_noise,source_mean_sd_noise,mean_targeted,model_mean_sd_targeted,source_mean_sd_targeted,mean_family_macro_f1,model_mean_sd_family_macro_f1,source_mean_sd_family_macro_f1,mean_worst_family_f1,model_mean_sd_worst_family_f1,source_mean_sd_worst_family_f1,mean_clean_fpr,model_mean_sd_clean_fpr,source_mean_sd_clean_fpr,mean_all_negative_fpr,model_mean_sd_all_negative_fpr,source_mean_sd_all_negative_fpr,mean_evaluation_clean_fpr_percent
modena,hybrid,0.8669409104245588,0.003443101271447035,0.011784612749171742,0.954947208921896,0.0040900302824447505,0.009500325163248046,0.928269981274849,0.002202850775074649,0.018387647213328306,0.827376774268237,0.005567821083828354,0.04219275286928231,0.8438711183456954,0.003196485087566548,0.03492763018051667,0.9680178781561325,0.002537235890107812,0.010930133227651635,0.9044965921933621,0.0024121669734729575,0.012641821171985769,0.8167098570252602,0.004214042795950831,0.04266918628483997,0.0005841602739507679,8.386508610162308e-05,7.736474806463992e-05,0.0006667241008980375,8.314611058726033e-05,9.248733903136959e-05,0.05841602739507679
modena,lightgbm_3h_pooled,0.8509298665824301,0.0049774657923095395,0.014499822841998064,0.9740310662295182,0.0017860228472527623,0.00887623502006168,0.9059763078160847,0.012220707724297794,0.014585363055242382,0.7626716338188773,0.008740338967127606,0.04361278072113441,0.6742195316210255,0.014996957503855294,0.06959546204291184,0.9794758888760984,0.0019018673137187192,0.009608186682519077,0.8592748856723209,0.006747042460609151,0.01716311860130096,0.6742195316210255,0.014996957503855294,0.06959546204291184,0.0003165453458057826,3.774766960531534e-05,4.998729700259765e-05,0.00039562785858947665,3.9975871816129755e-05,5.723727932090178e-05,0.031654534580578264
modena,lightgbm_3h_balanced,0.7786562669680461,0.010262651675742453,0.01902026707437214,0.9742993054480276,0.0020857369929836744,0.011893334914861834,0.7772085551514473,0.0039398515084184986,0.018026611199213293,0.8311266124552594,0.0033959731845628824,0.035458722910596596,0.8141146390203119,0.009225999003035555,0.04575028383605158,0.9766587553735581,0.002448970468259022,0.013691454445364942,0.8746815734897208,0.002787046007376807,0.01413157667306769,0.7677467906298611,0.004713062656288537,0.015633725652756062,0.00192058130615165,0.00022534415242404595,0.00017952827516746456,0.0021771586084452766,0.0002212899276736221,0.00017598419524220355,0.192058130615165
modena,lightgbm_0h_pooled,0.8258952614608027,0.004035175965691882,0.014775269356405052,0.9672323979469858,0.001641756507770633,0.00978855660781099,0.9278146656390227,0.0028167846076494947,0.02012877454753114,0.7014863938693959,0.004489929109576286,0.05293653726646504,0.6135200684595469,0.011643544132308023,0.06736551587289635,0.9730731508971489,0.001830201427810973,0.009513644182256673,0.83662533536242,0.0036516361055351095,0.017043393912176394,0.6133963778635109,0.011465212300625164,0.06731713255247662,0.0003735909523410845,5.119819624449602e-05,6.423580873113298e-05,0.0004216490975659394,5.526838258727833e-05,6.770039447444622e-05,0.03735909523410845
modena,lightgbm_0h_balanced,0.6556295448245797,0.023426099481194725,0.019678199449982836,0.9500872412754509,0.006193276912858055,0.014631814540055977,0.752944811064077,0.017303724419027833,0.03206907746584992,0.7502616248672561,0.0030322079082951044,0.035444574942982504,0.779323418703737,0.0033156851174844524,0.04263633248787838,0.9479565411038027,0.006385079017145974,0.012413845873582938,0.8361147274028647,0.005773771380763309,0.014634440354693603,0.7253909485348793,0.007886836849426447,0.022544912452418128,0.004115419174382175,0.0005805132111242966,0.00032214762279680757,0.0044624677982285955,0.0006123817921095742,0.0003064991460118943,0.4115419174382175
ltown,hybrid,0.8950230286248093,0.0013285412780371759,0.01092003855406659,0.9919534608033812,0.00021818557100270378,0.0011482096323305506,0.7311608824852057,0.005017845703055077,0.017341887256877384,0.8989748454994022,0.0020543756570951532,0.02914654379450713,0.9278539282964944,0.0011972032390069598,0.008549246739555911,0.9917889487359826,0.00021045684507846492,0.0011475105126005924,0.9083464131640933,0.0011898881782249108,0.00686692674653479,0.7311608824852057,0.005017845703055077,0.017341887256877384,0.0005495360252245945,2.381519140401025e-05,2.6334792722840382e-05,0.0006507857285604318,2.0031073965812006e-05,2.0206493428480647e-05,0.054953602522459455
ltown,lightgbm_3h_pooled,0.8976846782623735,0.0018586246048117002,0.010839175325977259,0.9949615805153338,0.00033270713838816796,0.001206675837785094,0.7083834776816086,0.004730533495937368,0.023242195911853485,0.8697757362786159,0.0026792769103166376,0.03795848296058162,0.8422316137844975,0.005273086007521581,0.02138674481230125,0.9960875852391559,0.0002946696717232391,0.0012136179257930275,0.8822879986998422,0.0018679856540585937,0.008865960811437108,0.7083834776816086,0.004730533495937368,0.023242195911853485,0.00018433910147826004,2.595181651449923e-05,1.3778103741334844e-05,0.00027722036781651564,2.791661395210727e-05,1.871597727926771e-05,0.018433910147826003
ltown,lightgbm_3h_balanced,0.8928555939328876,0.006319101236884413,0.010342166465518549,0.9942764358243228,0.0006226781599140383,0.001178079264804062,0.7085110828582231,0.003658260143326363,0.02278692412090884,0.8800378626145889,0.006871668698588511,0.03657096945663352,0.8653473818577933,0.012658410892305853,0.018833608739829782,0.9953600764492019,0.0007523364086440084,0.001176442731670631,0.8887065679208259,0.0037750506976157085,0.008034316188866169,0.7085110828582231,0.003658260143326363,0.02278692412090884,0.00032513705599711263,0.00012413937166371028,2.2602655839450495e-05,0.00044286605312311456,0.00013731334506333727,2.5388385746670383e-05,0.032513705599711264
ltown,lightgbm_0h_pooled,0.8684515267662986,0.0016477042495099815,0.011455429451944858,0.9927311364170328,0.0004593956294568074,0.002379918847201336,0.6926551851954567,0.00819843380728632,0.025493355106294125,0.7948835490014979,0.0015499096601316144,0.04420278348114452,0.7705525607402703,0.010456754981884033,0.021154997755836798,0.9934846790736725,0.000395282479720957,0.001991480682742447,0.8488614220855861,0.0016985541662690546,0.011824527136340307,0.6926551851954567,0.00819843380728632,0.025493355106294125,0.00019194984646263115,2.2903275491473483e-05,1.9704296386367634e-05,0.0002495805709884611,2.7308805683031196e-05,1.7916423172231678e-05,0.019194984646263114
ltown,lightgbm_0h_balanced,0.8239244061950841,0.037968955851293944,0.014460873478641943,0.9868059511912556,0.005824902520395855,0.0015086332794215717,0.6859843198527488,0.010599415403589154,0.016955311743007625,0.8148757695971828,0.009599868150032163,0.04096180176513653,0.8436960446535516,0.04303373958592801,0.014123496341002488,0.9866059927025665,0.00637736998365977,0.0015746386355463607,0.8635936155994609,0.0070119226386162374,0.009582003724510513,0.6859843198527488,0.010599415403589154,0.016955311743007625,0.001057377771594136,0.0006812700330372989,4.565834108144194e-05,0.0011955192309441856,0.0007276047648034112,3.007680137035609e-05,0.1057377771594136
