network,method,maximum_decision_delay_hours,calibration_objective,calibration_clean_fpr_cap,calibration_clean_fpr_cap_percent,mean_achieved_calibration_clean_fpr,mean_achieved_calibration_clean_fpr_percent,mean_pooled_f1,model_mean_sd_pooled_f1,source_mean_sd_pooled_f1,mean_random,model_mean_sd_random,source_mean_sd_random,mean_replay,model_mean_sd_replay,source_mean_sd_replay,mean_drift,model_mean_sd_drift,source_mean_sd_drift,mean_noise,model_mean_sd_noise,source_mean_sd_noise,mean_targeted,model_mean_sd_targeted,source_mean_sd_targeted,mean_family_macro_f1,model_mean_sd_family_macro_f1,source_mean_sd_family_macro_f1,mean_worst_family_f1,model_mean_sd_worst_family_f1,source_mean_sd_worst_family_f1,mean_clean_fpr,model_mean_sd_clean_fpr,source_mean_sd_clean_fpr,mean_all_negative_fpr,model_mean_sd_all_negative_fpr,source_mean_sd_all_negative_fpr,mean_evaluation_clean_fpr_percent
modena,hybrid,3,pooled,0.0,0.0,0.0,0.0,0.2678449778344423,0.06819416032179945,0.021336113071893734,0.1544339493589738,0.13381563340751731,0.011361137166648189,0.8689296755728917,0.013883179862320232,0.018594316570796608,0.14680971177355617,0.049888956406079446,0.018649725838880218,0.10607108410646965,0.034704317101195384,0.021274164427866296,0.18165233579540538,0.15354092295981667,0.03375211151858415,0.2915793513214593,0.06437683167691825,0.007190124963772182,0.06433853730501814,0.03828804343790772,0.01255439078863936,1.1391570026907597e-07,2.5669804096206415e-07,1.899196626141762e-07,7.343989679621272e-07,6.055118728845065e-07,1.018796550156546e-06,1.1391570026907596e-05
modena,lightgbm,3,pooled,0.0,0.0,0.0,0.0,0.6943626584035926,0.0382340042439397,0.012283409538071152,0.8315527222223993,0.039043281625946724,0.01550126566039036,0.8626894937228564,0.030773188870235665,0.01507388070118671,0.5082633531787921,0.04252462167831125,0.061123264010174004,0.3135611417079935,0.040715894806027615,0.06872046514953589,0.8543761713247723,0.03701784193112078,0.023228084740694637,0.6740885764313628,0.03703507595658039,0.017066234526618346,0.3135611417079935,0.040715894806027615,0.06872046514953589,4.187017433011006e-07,4.187656404267515e-07,4.426465658943181e-07,5.673455898697756e-07,6.104458927646974e-07,4.973679284338925e-07,4.187017433011006e-05
modena,lightgbm,0,pooled,0.0,0.0,0.0,0.0,0.6231816672330756,0.03748471470040758,0.012326455079946532,0.7480761490311661,0.04273566540224012,0.027689635677747803,0.8440961470379148,0.03165221913221067,0.01336488024702302,0.43344231596273425,0.0358263360486776,0.05563918058684916,0.26481074105990215,0.028214381121707828,0.062130752942361936,0.7686244996773429,0.04068366999737329,0.02602512151264885,0.611809970553812,0.03457843828560025,0.014202486706945528,0.26481074105990215,0.028214381121707828,0.062130752942361936,8.000475694120769e-07,7.283533417577405e-07,1.3066629203705018e-06,1.0672758431338717e-06,7.986259385368556e-07,1.1781516988134664e-06,8.000475694120769e-05
modena,hybrid,3,pooled,0.0001,0.01,9.458137413461072e-05,0.009458137413461073,0.8161903325738407,0.01700347445598736,0.01942922258091643,0.8509530704756098,0.02370980264551398,0.010174061503037062,0.9343348575752234,0.001885231681804938,0.011182348747325727,0.7340978084552693,0.02175425268467596,0.04358949248417247,0.7443678886755635,0.020136241006978747,0.06605008585547212,0.8816402481329949,0.01809843113036669,0.027460192179232328,0.8290787746629321,0.015680073751404726,0.01859224449322989,0.7144211446432289,0.020636756724543487,0.05662767724701678,0.00010205336448347708,5.410838709713879e-06,1.1653129288348445e-05,0.00010484500749217168,6.403251583711972e-06,4.6368810449744266e-06,0.010205336448347709
modena,lightgbm,3,pooled,0.0001,0.01,9.959413187849515e-05,0.009959413187849516,0.8336581037129945,0.009201917786448608,0.01460232758134055,0.9581145585736941,0.005769976424575528,0.008759433310731934,0.9391193336883871,0.002594633380214149,0.013926146223344675,0.702663487475579,0.014222511472095923,0.05257216594159512,0.5585149096687941,0.030174823358340784,0.08097005819472289,0.9671363936186264,0.004390438811945402,0.009133136184104794,0.8251097366050162,0.010671351751604498,0.019237763418221476,0.5585149096687941,0.030174823358340784,0.08097005819472289,0.00010620937836489902,7.267579681671148e-06,2.8403239602912895e-05,0.00013394564480531134,9.820377266716393e-06,2.7585502013071647e-05,0.010620937836489902
modena,lightgbm,0,pooled,0.0001,0.01,9.942887612869678e-05,0.009942887612869678,0.7986799454340954,0.012437472603802315,0.013582199781505681,0.9356827187118127,0.011677461921866247,0.011642880691961862,0.9438984356132354,0.0018703377581963266,0.015832206668768514,0.6307359279412493,0.015344412230679496,0.06194309547101738,0.47824866404754995,0.029566321138914334,0.0717114759712414,0.9471085577433416,0.0099909199647379,0.01153048213124899,0.7871348608114379,0.01339873065272673,0.01761516459116029,0.47824866404754995,0.029566321138914334,0.0717114759712414,0.00010304754651819624,1.0505414422148193e-05,2.6398665624772304e-05,0.00011959658325747189,1.189330185940704e-05,2.8394278705065973e-05,0.010304754651819624
modena,hybrid,3,pooled,0.00025,0.025,0.00024243018495423516,0.024243018495423516,0.865197313766523,0.005491604404630128,0.013559219187670573,0.9278001006393176,0.008546672908666408,0.00701789584174958,0.9361156009057484,0.0015263540213673096,0.01262552832720403,0.8002076761538004,0.0054692429398378595,0.04425504474487927,0.8162505759496025,0.007146003341645741,0.04957092037566428,0.9426810221962721,0.00848417593465018,0.01522263189151271,0.8846109951689483,0.0047347452208935424,0.014741609397645582,0.7866303867048201,0.004280962327441346,0.048152198882952614,0.0002704463818977515,1.0294704385491693e-05,2.9870992460759483e-05,0.0002953637189479313,1.2958483580539995e-05,3.684189058535366e-05,0.027044638189775153
modena,lightgbm,3,pooled,0.00025,0.025,0.00024639632294939646,0.024639632294939644,0.8502815417178206,0.00528406019412704,0.014393658865076002,0.972335441510475,0.0021478285692600506,0.008596059048992548,0.9139560700278885,0.011656662689175557,0.01489102148198157,0.7537519857290096,0.009368089872344937,0.04516597532423944,0.6566632791012462,0.014345493921503532,0.07155987845335218,0.978228802070928,0.001766178514468688,0.009039180883008015,0.8549871156879095,0.006346552336842999,0.017469815291096296,0.6566632791012462,0.014345493921503532,0.07155987845335218,0.00026423809199638883,1.3816793836138081e-05,4.669204739120455e-05,0.00033217568667689605,2.271384642887541e-05,5.173132143397494e-05,0.026423809199638885
modena,lightgbm,0,pooled,0.00025,0.025,0.00024705734594859005,0.024705734594859006,0.8226077991532723,0.005349062291345549,0.013679587116344588,0.962056108863231,0.004228655735016824,0.009775438593581995,0.93517607544987,0.002210078108136461,0.019353182071876255,0.6837906745873032,0.007290308057890917,0.05453481542404307,0.5732213002773319,0.020319592794287092,0.06686654108070102,0.9684548485992556,0.0030888922240133124,0.008573151118286658,0.8245398015553983,0.006622780310921764,0.016800652372056007,0.5732213002773319,0.020319592794287092,0.06686654108070102,0.00026160050680723156,1.5986140677518658e-05,5.093865947995233e-05,0.0002978139277484652,1.8084412620040808e-05,5.384096271257369e-05,0.026160050680723156
modena,hybrid,3,pooled,0.0005,0.05,0.0003657660595537654,0.03657660595537654,0.8706120778772868,0.0022801311341797722,0.012004212204112642,0.9437665918049764,0.0037807430104560857,0.00841293335878059,0.9342292040423344,0.0014917969579258219,0.015093432224003042,0.815125565790104,0.0038712820882904077,0.04297012280090117,0.8329406849887755,0.004525020788854377,0.04141952499421203,0.9585545847449353,0.0037962473091272117,0.012699764125093344,0.8969233262742251,0.002001439395044807,0.013286691255591291,0.8039387721457365,0.0032568041135233408,0.044260896382583736,0.0003919188007791853,3.6283101515014796e-05,4.771830179224804e-05,0.00043997641671300207,3.748429416128218e-05,5.942465758442565e-05,0.03919188007791853
modena,lightgbm,3,pooled,0.0005,0.05,0.00029591796263898006,0.029591796263898008,0.8509298665824301,0.0049774657923095395,0.014499822841998064,0.9740310662295182,0.0017860228472527623,0.00887623502006168,0.9059763078160847,0.012220707724297794,0.014585363055242382,0.7626716338188773,0.008740338967127606,0.04361278072113441,0.6742195316210255,0.014996957503855294,0.06959546204291184,0.9794758888760984,0.0019018673137187192,0.009608186682519077,0.8592748856723209,0.006747042460609151,0.01716311860130096,0.6742195316210255,0.014996957503855294,0.06959546204291184,0.0003165453458057826,3.774766960531534e-05,4.998729700259765e-05,0.00039562785858947665,3.9975871816129755e-05,5.723727932090178e-05,0.031654534580578264
modena,lightgbm,0,pooled,0.0005,0.05,0.00034615571057769,0.034615571057769,0.8258952614608027,0.004035175965691882,0.014775269356405052,0.9672323979469858,0.001641756507770633,0.00978855660781099,0.9278146656390227,0.0028167846076494947,0.02012877454753114,0.7014863938693959,0.004489929109576286,0.05293653726646504,0.6135200684595469,0.011643544132308023,0.06736551587289635,0.9730731508971489,0.001830201427810973,0.009513644182256673,0.83662533536242,0.0036516361055351095,0.017043393912176394,0.6133963778635109,0.011465212300625164,0.06731713255247662,0.0003735909523410845,5.119819624449602e-05,6.423580873113298e-05,0.0004216490975659394,5.526838258727833e-05,6.770039447444622e-05,0.03735909523410845
modena,hybrid,3,pooled,0.001,0.1,0.0003657660595537654,0.03657660595537654,0.8706120778772868,0.0022801311341797722,0.012004212204112642,0.9437665918049764,0.0037807430104560857,0.00841293335878059,0.9342292040423344,0.0014917969579258219,0.015093432224003042,0.815125565790104,0.0038712820882904077,0.04297012280090117,0.8329406849887755,0.004525020788854377,0.04141952499421203,0.9585545847449353,0.0037962473091272117,0.012699764125093344,0.8969233262742251,0.002001439395044807,0.013286691255591291,0.8039387721457365,0.0032568041135233408,0.044260896382583736,0.0003919188007791853,3.6283101515014796e-05,4.771830179224804e-05,0.00043997641671300207,3.748429416128218e-05,5.942465758442565e-05,0.03919188007791853
modena,lightgbm,3,pooled,0.001,0.1,0.00029591796263898006,0.029591796263898008,0.8509298665824301,0.0049774657923095395,0.014499822841998064,0.9740310662295182,0.0017860228472527623,0.00887623502006168,0.9059763078160847,0.012220707724297794,0.014585363055242382,0.7626716338188773,0.008740338967127606,0.04361278072113441,0.6742195316210255,0.014996957503855294,0.06959546204291184,0.9794758888760984,0.0019018673137187192,0.009608186682519077,0.8592748856723209,0.006747042460609151,0.01716311860130096,0.6742195316210255,0.014996957503855294,0.06959546204291184,0.0003165453458057826,3.774766960531534e-05,4.998729700259765e-05,0.00039562785858947665,3.9975871816129755e-05,5.723727932090178e-05,0.031654534580578264
modena,lightgbm,0,pooled,0.001,0.1,0.00034615571057769,0.034615571057769,0.8258952614608027,0.004035175965691882,0.014775269356405052,0.9672323979469858,0.001641756507770633,0.00978855660781099,0.9278146656390227,0.0028167846076494947,0.02012877454753114,0.7014863938693959,0.004489929109576286,0.05293653726646504,0.6135200684595469,0.011643544132308023,0.06736551587289635,0.9730731508971489,0.001830201427810973,0.009513644182256673,0.83662533536242,0.0036516361055351095,0.017043393912176394,0.6133963778635109,0.011465212300625164,0.06731713255247662,0.0003735909523410845,5.119819624449602e-05,6.423580873113298e-05,0.0004216490975659394,5.526838258727833e-05,6.770039447444622e-05,0.03735909523410845
modena,hybrid,3,pooled,0.0025,0.25,0.0003657660595537654,0.03657660595537654,0.8706120778772868,0.0022801311341797722,0.012004212204112642,0.9437665918049764,0.0037807430104560857,0.00841293335878059,0.9342292040423344,0.0014917969579258219,0.015093432224003042,0.815125565790104,0.0038712820882904077,0.04297012280090117,0.8329406849887755,0.004525020788854377,0.04141952499421203,0.9585545847449353,0.0037962473091272117,0.012699764125093344,0.8969233262742251,0.002001439395044807,0.013286691255591291,0.8039387721457365,0.0032568041135233408,0.044260896382583736,0.0003919188007791853,3.6283101515014796e-05,4.771830179224804e-05,0.00043997641671300207,3.748429416128218e-05,5.942465758442565e-05,0.03919188007791853
modena,lightgbm,3,pooled,0.0025,0.25,0.00029591796263898006,0.029591796263898008,0.8509298665824301,0.0049774657923095395,0.014499822841998064,0.9740310662295182,0.0017860228472527623,0.00887623502006168,0.9059763078160847,0.012220707724297794,0.014585363055242382,0.7626716338188773,0.008740338967127606,0.04361278072113441,0.6742195316210255,0.014996957503855294,0.06959546204291184,0.9794758888760984,0.0019018673137187192,0.009608186682519077,0.8592748856723209,0.006747042460609151,0.01716311860130096,0.6742195316210255,0.014996957503855294,0.06959546204291184,0.0003165453458057826,3.774766960531534e-05,4.998729700259765e-05,0.00039562785858947665,3.9975871816129755e-05,5.723727932090178e-05,0.031654534580578264
modena,lightgbm,0,pooled,0.0025,0.25,0.00034615571057769,0.034615571057769,0.8258952614608027,0.004035175965691882,0.014775269356405052,0.9672323979469858,0.001641756507770633,0.00978855660781099,0.9278146656390227,0.0028167846076494947,0.02012877454753114,0.7014863938693959,0.004489929109576286,0.05293653726646504,0.6135200684595469,0.011643544132308023,0.06736551587289635,0.9730731508971489,0.001830201427810973,0.009513644182256673,0.83662533536242,0.0036516361055351095,0.017043393912176394,0.6133963778635109,0.011465212300625164,0.06731713255247662,0.0003735909523410845,5.119819624449602e-05,6.423580873113298e-05,0.0004216490975659394,5.526838258727833e-05,6.770039447444622e-05,0.03735909523410845
modena,hybrid,3,pooled,0.005,0.5,0.0003657660595537654,0.03657660595537654,0.8706120778772868,0.0022801311341797722,0.012004212204112642,0.9437665918049764,0.0037807430104560857,0.00841293335878059,0.9342292040423344,0.0014917969579258219,0.015093432224003042,0.815125565790104,0.0038712820882904077,0.04297012280090117,0.8329406849887755,0.004525020788854377,0.04141952499421203,0.9585545847449353,0.0037962473091272117,0.012699764125093344,0.8969233262742251,0.002001439395044807,0.013286691255591291,0.8039387721457365,0.0032568041135233408,0.044260896382583736,0.0003919188007791853,3.6283101515014796e-05,4.771830179224804e-05,0.00043997641671300207,3.748429416128218e-05,5.942465758442565e-05,0.03919188007791853
modena,lightgbm,3,pooled,0.005,0.5,0.00029591796263898006,0.029591796263898008,0.8509298665824301,0.0049774657923095395,0.014499822841998064,0.9740310662295182,0.0017860228472527623,0.00887623502006168,0.9059763078160847,0.012220707724297794,0.014585363055242382,0.7626716338188773,0.008740338967127606,0.04361278072113441,0.6742195316210255,0.014996957503855294,0.06959546204291184,0.9794758888760984,0.0019018673137187192,0.009608186682519077,0.8592748856723209,0.006747042460609151,0.01716311860130096,0.6742195316210255,0.014996957503855294,0.06959546204291184,0.0003165453458057826,3.774766960531534e-05,4.998729700259765e-05,0.00039562785858947665,3.9975871816129755e-05,5.723727932090178e-05,0.031654534580578264
modena,lightgbm,0,pooled,0.005,0.5,0.00034615571057769,0.034615571057769,0.8258952614608027,0.004035175965691882,0.014775269356405052,0.9672323979469858,0.001641756507770633,0.00978855660781099,0.9278146656390227,0.0028167846076494947,0.02012877454753114,0.7014863938693959,0.004489929109576286,0.05293653726646504,0.6135200684595469,0.011643544132308023,0.06736551587289635,0.9730731508971489,0.001830201427810973,0.009513644182256673,0.83662533536242,0.0036516361055351095,0.017043393912176394,0.6133963778635109,0.011465212300625164,0.06731713255247662,0.0003735909523410845,5.119819624449602e-05,6.423580873113298e-05,0.0004216490975659394,5.526838258727833e-05,6.770039447444622e-05,0.03735909523410845
modena,hybrid,3,balanced,0.0,0.0,0.0,0.0,0.2678449778344423,0.06819416032179945,0.021336113071893734,0.1544339493589738,0.13381563340751731,0.011361137166648189,0.8689296755728917,0.013883179862320232,0.018594316570796608,0.14680971177355617,0.049888956406079446,0.018649725838880218,0.10607108410646965,0.034704317101195384,0.021274164427866296,0.18165233579540538,0.15354092295981667,0.03375211151858415,0.2915793513214593,0.06437683167691825,0.007190124963772182,0.06433853730501814,0.03828804343790772,0.01255439078863936,1.1391570026907597e-07,2.5669804096206415e-07,1.899196626141762e-07,7.343989679621272e-07,6.055118728845065e-07,1.018796550156546e-06,1.1391570026907596e-05
modena,lightgbm,3,balanced,0.0,0.0,0.0,0.0,0.6943626584035926,0.0382340042439397,0.012283409538071152,0.8315527222223993,0.039043281625946724,0.01550126566039036,0.8626894937228564,0.030773188870235665,0.01507388070118671,0.5082633531787921,0.04252462167831125,0.061123264010174004,0.3135611417079935,0.040715894806027615,0.06872046514953589,0.8543761713247723,0.03701784193112078,0.023228084740694637,0.6740885764313628,0.03703507595658039,0.017066234526618346,0.3135611417079935,0.040715894806027615,0.06872046514953589,4.187017433011006e-07,4.187656404267515e-07,4.426465658943181e-07,5.673455898697756e-07,6.104458927646974e-07,4.973679284338925e-07,4.187017433011006e-05
modena,lightgbm,0,balanced,0.0,0.0,0.0,0.0,0.6231816672330756,0.03748471470040758,0.012326455079946532,0.7480761490311661,0.04273566540224012,0.027689635677747803,0.8440961470379148,0.03165221913221067,0.01336488024702302,0.43344231596273425,0.0358263360486776,0.05563918058684916,0.26481074105990215,0.028214381121707828,0.062130752942361936,0.7686244996773429,0.04068366999737329,0.02602512151264885,0.611809970553812,0.03457843828560025,0.014202486706945528,0.26481074105990215,0.028214381121707828,0.062130752942361936,8.000475694120769e-07,7.283533417577405e-07,1.3066629203705018e-06,1.0672758431338717e-06,7.986259385368556e-07,1.1781516988134664e-06,8.000475694120769e-05
modena,hybrid,3,balanced,0.0001,0.01,9.458137413461072e-05,0.009458137413461073,0.8161903325738407,0.01700347445598736,0.01942922258091643,0.8509530704756098,0.02370980264551398,0.010174061503037062,0.9343348575752234,0.001885231681804938,0.011182348747325727,0.7340978084552693,0.02175425268467596,0.04358949248417247,0.7443678886755635,0.020136241006978747,0.06605008585547212,0.8816402481329949,0.01809843113036669,0.027460192179232328,0.8290787746629321,0.015680073751404726,0.01859224449322989,0.7144211446432289,0.020636756724543487,0.05662767724701678,0.00010205336448347708,5.410838709713879e-06,1.1653129288348445e-05,0.00010484500749217168,6.403251583711972e-06,4.6368810449744266e-06,0.010205336448347709
modena,lightgbm,3,balanced,0.0001,0.01,9.959413187849515e-05,0.009959413187849516,0.8336581037129945,0.009201917786448608,0.01460232758134055,0.9581145585736941,0.005769976424575528,0.008759433310731934,0.9391193336883871,0.002594633380214149,0.013926146223344675,0.702663487475579,0.014222511472095923,0.05257216594159512,0.5585149096687941,0.030174823358340784,0.08097005819472289,0.9671363936186264,0.004390438811945402,0.009133136184104794,0.8251097366050162,0.010671351751604498,0.019237763418221476,0.5585149096687941,0.030174823358340784,0.08097005819472289,0.00010620937836489902,7.267579681671148e-06,2.8403239602912895e-05,0.00013394564480531134,9.820377266716393e-06,2.7585502013071647e-05,0.010620937836489902
modena,lightgbm,0,balanced,0.0001,0.01,9.942887612869678e-05,0.009942887612869678,0.7986799454340954,0.012437472603802315,0.013582199781505681,0.9356827187118127,0.011677461921866247,0.011642880691961862,0.9438984356132354,0.0018703377581963266,0.015832206668768514,0.6307359279412493,0.015344412230679496,0.06194309547101738,0.47824866404754995,0.029566321138914334,0.0717114759712414,0.9471085577433416,0.0099909199647379,0.01153048213124899,0.7871348608114379,0.01339873065272673,0.01761516459116029,0.47824866404754995,0.029566321138914334,0.0717114759712414,0.00010304754651819624,1.0505414422148193e-05,2.6398665624772304e-05,0.00011959658325747189,1.189330185940704e-05,2.8394278705065973e-05,0.010304754651819624
modena,hybrid,3,balanced,0.00025,0.025,0.00024243018495423516,0.024243018495423516,0.865197313766523,0.005491604404630128,0.013559219187670573,0.9278001006393176,0.008546672908666408,0.00701789584174958,0.9361156009057484,0.0015263540213673096,0.01262552832720403,0.8002076761538004,0.0054692429398378595,0.04425504474487927,0.8162505759496025,0.007146003341645741,0.04957092037566428,0.9426810221962721,0.00848417593465018,0.01522263189151271,0.8846109951689483,0.0047347452208935424,0.014741609397645582,0.7866303867048201,0.004280962327441346,0.048152198882952614,0.0002704463818977515,1.0294704385491693e-05,2.9870992460759483e-05,0.0002953637189479313,1.2958483580539995e-05,3.684189058535366e-05,0.027044638189775153
modena,lightgbm,3,balanced,0.00025,0.025,0.0002488200739464395,0.024882007394643947,0.8502373869915745,0.005300239866630204,0.014374139227656589,0.9723587193113603,0.0021520650443778745,0.008642920976591103,0.9136057141920744,0.011869186229178104,0.014891109959789463,0.754081041421823,0.009500861711774505,0.045079227491860524,0.6572198645135722,0.014638752980854274,0.07155664173492224,0.9782380072391242,0.001777993385441251,0.008987757384304594,0.8551006693355909,0.006418830326561322,0.017442894599160576,0.6572198645135722,0.014638752980854274,0.07155664173492224,0.00026659713481513256,1.3178374809107463e-05,4.6770365444831556e-05,0.0003349444786846141,2.289053808622704e-05,5.192213372880328e-05,0.026659713481513258
modena,lightgbm,0,balanced,0.00025,0.025,0.0002485997329467083,0.02485997329467083,0.8226659359118907,0.005278308148981865,0.01368166692285903,0.9621045914450262,0.004204690636416452,0.00977088144599166,0.9350959439169132,0.0022116638521724593,0.01933700682103085,0.6839706575453357,0.0070794543464328275,0.05443241045823527,0.5737676356233824,0.019842334468878148,0.06678270117552101,0.9685465690672094,0.0030094343721922077,0.008574845419673254,0.8246970795195734,0.00647961932526909,0.016801639756596036,0.5737676356233824,0.019842334468878148,0.06678270117552101,0.00026278048165203873,1.5826826391205663e-05,5.116045691280637e-05,0.0002990147555919543,1.8155862448883233e-05,5.39735579331409e-05,0.026278048165203873
modena,hybrid,3,balanced,0.0005,0.05,0.0004753857069200294,0.04753857069200294,0.8694348946346285,0.0019843363334883387,0.011921726886058429,0.9510890038831462,0.0032406103077361075,0.009442559818303928,0.9305715970715237,0.002896449536361939,0.017503559061505247,0.822954866518429,0.0035846271154815427,0.04270893687765278,0.8403412071488499,0.003908763245340369,0.037138432844841605,0.9655592614407388,0.002341923137408244,0.011026361043818064,0.9021031872125375,0.0012388346465360023,0.012950948129685067,0.8122344206847678,0.002603472976626438,0.043702598857655026,0.0005009258234326048,2.683016908727798e-05,6.510695268365469e-05,0.0005695142621352684,3.060107619637827e-05,7.804341541079833e-05,0.05009258234326048
modena,lightgbm,3,balanced,0.0005,0.05,0.0004967587838939542,0.049675878389395425,0.8470092370985862,0.0042637399890390355,0.015126997790557673,0.9768072257810488,0.001574826080628241,0.009973430185632414,0.8777166841954235,0.016541561514456363,0.014050863679857027,0.7844471617323729,0.006134996265532509,0.04181767144157356,0.7184441752370371,0.00992512978816726,0.06189656676202073,0.9823395052548151,0.0014381184292319138,0.010451653533854683,0.8679509504401396,0.005905775389353391,0.016192804492087647,0.7182528626241669,0.009684811376441073,0.061846424382437204,0.00051353190831656,1.4442219419786948e-05,6.535203275485253e-05,0.0006297495565161816,2.8150808550262205e-05,7.298940657994123e-05,0.051353190831656
modena,lightgbm,0,balanced,0.0005,0.05,0.0004977503183927446,0.04977503183927446,0.8238092015104748,0.0033797431354053446,0.01568083445226218,0.9700568595499344,0.001339393718360906,0.010404677388914613,0.9185234776875474,0.004382574673803472,0.020314598803940053,0.7143957805774818,0.003188983667652063,0.05071838744494985,0.6507163256088275,0.010760046897047971,0.06570047133702138,0.9751831742970336,0.001859598643664408,0.01051668539931827,0.845775123544165,0.00322451677365385,0.017352717083684528,0.6484277054057289,0.009684692264330103,0.06508341388964738,0.0005299589750446637,1.6092995308040004e-05,8.25093419588541e-05,0.0005918852333037757,1.8461739133731608e-05,8.55778149439032e-05,0.05299589750446637
modena,hybrid,3,balanced,0.001,0.1,0.0006853155944139149,0.0685315594413915,0.8613453719975372,0.007047767022082753,0.01240010606394623,0.957834171623281,0.006539912106045021,0.009411419683661996,0.9231052137957385,0.007668155677042218,0.019562992552312062,0.8310279601466486,0.007787520903117524,0.041592061288425484,0.8473408044632306,0.0028510549063759925,0.033108551172589124,0.9697539557699071,0.003989375408634486,0.010587049300241243,0.905812421159761,0.0030414974517392157,0.012624476910028775,0.8207499313028664,0.006171582125875423,0.04160764693100666,0.0007066237908746261,0.00017034190762677424,9.319838256443945e-05,0.0008042365877271773,0.00017711392646250864,0.00010848226372727743,0.0706623790874626
modena,lightgbm,3,balanced,0.001,0.1,0.000995831148285086,0.0995831148285086,0.8240353858354287,0.003659066370345798,0.016502857061764593,0.9788750463951446,0.0009204671711142077,0.011106436357120391,0.830024796603923,0.01833514784562423,0.014837383924029016,0.812065632413582,0.004274365107656867,0.03814131836236412,0.7713155459716717,0.007104345249337564,0.054223926249524136,0.9824998353453515,0.0014509842998052598,0.011862939770951255,0.8749561713459347,0.0053922420132204415,0.014716113451081458,0.7642855025115807,0.007948538357342008,0.04564237922012394,0.0010296479250276394,1.4658262863730595e-05,0.00011064588937500125,0.001209670591297559,3.3742721697320025e-05,0.00011697044975181897,0.10296479250276394
modena,lightgbm,0,balanced,0.001,0.1,0.0009964370860343467,0.09964370860343466,0.802874355258188,0.002331781085813547,0.015734569812537947,0.9710669559017401,0.000894027491804842,0.011982925599554743,0.8858763917931651,0.009152827454054458,0.02367813018321672,0.7345464792859442,0.0025885978939805734,0.04677983087090198,0.7126246153547366,0.005670156659581136,0.059339770582865645,0.9759742230741121,0.0014110076942157547,0.010149557407636466,0.8560177330819396,0.0027820264285308995,0.016144344495951247,0.7024556253824303,0.004652204331602281,0.0594840983004479,0.0010407508069454256,2.091350578484759e-05,0.00011346252985376003,0.0011463766078542844,2.6385379009451105e-05,0.00011039522618475303,0.10407508069454256
modena,hybrid,3,balanced,0.0025,0.25,0.0008486433604646551,0.08486433604646551,0.8515795348937684,0.0198573755387181,0.013205344928416202,0.9588307554141118,0.007509968160716713,0.00947330281813879,0.9157417163712714,0.01748569243729127,0.020332692530227993,0.8335131633730558,0.010411236233935427,0.04028774658100998,0.8472525888226667,0.002751645834370506,0.03237633449275621,0.9699181151922409,0.0040506226705638105,0.010716924128809929,0.9050512678346692,0.0026767869052728615,0.012428108630400456,0.8226789003839048,0.008454915355192312,0.039895240960147016,0.0008766906488888055,0.00038829745060187045,0.00011727601924369525,0.000987284822240048,0.0004128779654346353,0.00013314447419768982,0.08766906488888054
modena,lightgbm,3,balanced,0.0025,0.25,0.0018482203057451712,0.18482203057451713,0.7786562669680461,0.010262651675742453,0.01902026707437214,0.9742993054480276,0.0020857369929836744,0.011893334914861834,0.7772085551514473,0.0039398515084184986,0.018026611199213293,0.8311266124552594,0.0033959731845628824,0.035458722910596596,0.8141146390203119,0.009225999003035555,0.04575028383605158,0.9766587553735581,0.002448970468259022,0.013691454445364942,0.8746815734897208,0.002787046007376807,0.01413157667306769,0.7677467906298611,0.004713062656288537,0.015633725652756062,0.00192058130615165,0.00022534415242404595,0.00017952827516746456,0.0021771586084452766,0.0002212899276736221,0.00017598419524220355,0.192058130615165
modena,lightgbm,0,balanced,0.0025,0.25,0.0024891371887132527,0.24891371887132524,0.7272127031395414,0.0025628923710558434,0.0181099094642908,0.9637019402403151,0.0007469487358338473,0.013046075870213954,0.807951079810525,0.017028926816085442,0.03056490573376178,0.7507332898555684,0.001928781097835507,0.03934324091458719,0.7663987300012417,0.0037258000511027887,0.0473368717320423,0.9637620759832146,0.0010300275200282507,0.011517773155887647,0.8505094231781729,0.003909994949525886,0.015211897874562124,0.735381345720173,0.004008493220446171,0.041701870349821216,0.0025083885056565395,2.6802200904474618e-05,0.00020781053859808763,0.0027452210434238456,3.905862204449984e-05,0.00019969137039675474,0.25083885056565397
modena,hybrid,3,balanced,0.005,0.5,0.0008486433604646551,0.08486433604646551,0.8515795348937684,0.0198573755387181,0.013205344928416202,0.9588307554141118,0.007509968160716713,0.00947330281813879,0.9157417163712714,0.01748569243729127,0.020332692530227993,0.8335131633730558,0.010411236233935427,0.04028774658100998,0.8472525888226667,0.002751645834370506,0.03237633449275621,0.9699181151922409,0.0040506226705638105,0.010716924128809929,0.9050512678346692,0.0026767869052728615,0.012428108630400456,0.8226789003839048,0.008454915355192312,0.039895240960147016,0.0008766906488888055,0.00038829745060187045,0.00011727601924369525,0.000987284822240048,0.0004128779654346353,0.00013314447419768982,0.08766906488888054
modena,lightgbm,3,balanced,0.005,0.5,0.0018482203057451712,0.18482203057451713,0.7786562669680461,0.010262651675742453,0.01902026707437214,0.9742993054480276,0.0020857369929836744,0.011893334914861834,0.7772085551514473,0.0039398515084184986,0.018026611199213293,0.8311266124552594,0.0033959731845628824,0.035458722910596596,0.8141146390203119,0.009225999003035555,0.04575028383605158,0.9766587553735581,0.002448970468259022,0.013691454445364942,0.8746815734897208,0.002787046007376807,0.01413157667306769,0.7677467906298611,0.004713062656288537,0.015633725652756062,0.00192058130615165,0.00022534415242404595,0.00017952827516746456,0.0021771586084452766,0.0002212899276736221,0.00017598419524220355,0.192058130615165
modena,lightgbm,0,balanced,0.005,0.5,0.004079117842773476,0.4079117842773476,0.6556295448245797,0.023426099481194725,0.019678199449982836,0.9500872412754509,0.006193276912858055,0.014631814540055977,0.752944811064077,0.017303724419027833,0.03206907746584992,0.7502616248672561,0.0030322079082951044,0.035444574942982504,0.779323418703737,0.0033156851174844524,0.04263633248787838,0.9479565411038027,0.006385079017145974,0.012413845873582938,0.8361147274028647,0.005773771380763309,0.014634440354693603,0.7253909485348793,0.007886836849426447,0.022544912452418128,0.004115419174382175,0.0005805132111242966,0.00032214762279680757,0.0044624677982285955,0.0006123817921095742,0.0003064991460118943,0.4115419174382175
ltown,hybrid,3,pooled,0.0,0.0,0.0,0.0,0.717302881388002,0.04374401538666458,0.017886280302046552,0.887686142238539,0.05626774879921921,0.010773762980162227,0.35017698049677404,0.08186286704461973,0.0396703681741168,0.6185047732740707,0.0522822765974437,0.04293440734926967,0.48844311917105776,0.02568656932088827,0.03536874484319373,0.8832870498001811,0.05812362064101435,0.00430439469230067,0.6456196129961246,0.0374672472788085,0.015128727266641174,0.35016344717381204,0.08184863868609965,0.03964523574930499,1.9615340169474968e-07,1.4132701046026594e-07,2.207997419989596e-07,1.4674468995271127e-06,4.813099896543673e-07,1.5592863551787134e-06,1.9615340169474966e-05
ltown,lightgbm,3,pooled,0.0,0.0,0.0,0.0,0.7869524723374517,0.031443080573766324,0.017773086979590468,0.9626340293186354,0.02489506459260991,0.0056867135726120935,0.46733855914474703,0.04476405549464771,0.03873686676762771,0.698792041883231,0.027574966184400803,0.04795193838723638,0.492438657203984,0.05743938027081065,0.03852093627667104,0.9613418792776536,0.025191935351086634,0.004896188620136938,0.7165090333656502,0.03516340756679468,0.014965230406898032,0.4542527355734119,0.04838519072690544,0.02730127528791874,2.729282085657126e-07,2.1655310464469758e-07,2.806367233902301e-07,4.6215029791464207e-07,3.965573251096655e-07,4.5270856506673854e-07,2.7292820856571262e-05
ltown,lightgbm,0,pooled,0.0,0.0,0.0,0.0,0.6515254243779183,0.20030596201382372,0.011337056179303362,0.8087107851785783,0.23702170894182778,0.012408184062969388,0.41473171960294153,0.09032110824667607,0.03345686840261884,0.5642477408903271,0.17909692165789706,0.03705750665576412,0.3910751521749364,0.14552970507895285,0.03386538722688909,0.8098266240568933,0.2353927427175689,0.014044093209083982,0.5977184043807353,0.17661606047776798,0.009609057385226428,0.3691987685474175,0.1307603358565262,0.02004632804256985,3.649805957628218e-07,4.7462266125978264e-07,4.536243051824576e-07,3.928026357329714e-07,5.286053790600018e-07,4.3980996448866654e-07,3.649805957628218e-05
ltown,hybrid,3,pooled,0.0001,0.01,9.600645341392154e-05,0.009600645341392152,0.9068943972012367,0.0025488003470973595,0.011124439135734842,0.9918984545708464,0.0010131507861737647,0.0032947358759811865,0.6573736770136426,0.007854091576619225,0.029960729790116446,0.8820154838341984,0.004393571423176629,0.03538941672292398,0.8608282517583167,0.007525627939434815,0.02258021792208794,0.99186077063777,0.0010980543584966894,0.0024051220942853703,0.8767953275629548,0.003163303141825532,0.010544027353337844,0.6573736770136426,0.007854091576619225,0.029960729790116446,9.38549084435086e-05,5.496885782311945e-06,7.572764941200744e-06,0.000109603504897658,4.0078596425706776e-06,1.3914332843263724e-05,0.00938549084435086
ltown,lightgbm,3,pooled,0.0001,0.01,9.946363944331359e-05,0.00994636394433136,0.895449628361709,0.0025290718514922685,0.01219588511514043,0.9952951217655699,0.000380879350077523,0.0013430565399296685,0.6983685138004193,0.005213045998564838,0.025263605533091243,0.8555061209008303,0.004685452636539202,0.04118035938319875,0.8120975216944007,0.008610189163454521,0.024776339000890317,0.9962448087580349,0.0002926256835131086,0.0012772687792199963,0.8715024173838511,0.0033446423125967346,0.010732392730347866,0.6983685138004193,0.005213045998564838,0.025263605533091243,0.0001002457984566598,2.5085286303542644e-06,8.616602839535698e-06,0.0001714043808480016,7.115101178797871e-06,1.3753416904314968e-05,0.01002457984566598
ltown,lightgbm,0,pooled,0.0001,0.01,9.960272163989832e-05,0.009960272163989831,0.8660160943659491,0.0021938545264081678,0.012970847827046337,0.9924064127231536,0.00038594734968134127,0.00282573413241132,0.6854451820874975,0.004099580410956053,0.03218790843727581,0.785094230715964,0.0016927440518647902,0.046390585497487216,0.7275529750797994,0.011710223169580616,0.022482879134760873,0.9932265956298368,0.0003465301248010231,0.0023285785254875523,0.8367450792472501,0.0025136725285756036,0.013807595622144614,0.6835760240682798,0.003665475016024633,0.028860184901048094,9.853078241533708e-05,3.257331597586853e-06,9.507336850157768e-06,0.00012411918398437793,7.518483344479385e-06,9.256821268034792e-06,0.009853078241533707
ltown,hybrid,3,pooled,0.00025,0.025,0.00019868885226391047,0.019868885226391048,0.9127342758336072,0.001107982257654643,0.010255419241296918,0.9937915379440575,0.00036048654545769456,0.001582041359404408,0.6902505074643339,0.005372090913075248,0.024014346453776543,0.8931829424016459,0.002815543865916423,0.03217772049514722,0.8999586899113986,0.004450644271544256,0.017085588262037082,0.9941601395126651,0.00046303740741819496,0.0014538697943962651,0.8942687634468202,0.0017366731150985526,0.008676587070216069,0.6902505074643339,0.005372090913075248,0.024014346453776543,0.0001950217153324772,1.976117146020729e-05,1.2092199457375043e-05,0.0002228007455074817,1.9090664147046263e-05,1.9087250808199945e-05,0.01950217153324772
ltown,lightgbm,3,pooled,0.00025,0.025,0.00018895309850297884,0.018895309850297883,0.8976846782623735,0.0018586246048117002,0.010839175325977259,0.9949615805153338,0.00033270713838816796,0.001206675837785094,0.7083834776816086,0.004730533495937368,0.023242195911853485,0.8697757362786159,0.0026792769103166376,0.03795848296058162,0.8422316137844975,0.005273086007521581,0.02138674481230125,0.9960875852391559,0.0002946696717232391,0.0012136179257930275,0.8822879986998422,0.0018679856540585937,0.008865960811437108,0.7083834776816086,0.004730533495937368,0.023242195911853485,0.00018433910147826004,2.595181651449923e-05,1.3778103741334844e-05,0.00027722036781651564,2.791661395210727e-05,1.871597727926771e-05,0.018433910147826003
ltown,lightgbm,0,pooled,0.00025,0.025,0.00019521179734929202,0.0195211797349292,0.8684515267662986,0.0016477042495099815,0.011455429451944858,0.9927311364170328,0.0004593956294568074,0.002379918847201336,0.6926551851954567,0.00819843380728632,0.025493355106294125,0.7948835490014979,0.0015499096601316144,0.04420278348114452,0.7705525607402703,0.010456754981884033,0.021154997755836798,0.9934846790736725,0.000395282479720957,0.001991480682742447,0.8488614220855861,0.0016985541662690546,0.011824527136340307,0.6926551851954567,0.00819843380728632,0.025493355106294125,0.00019194984646263115,2.2903275491473483e-05,1.9704296386367634e-05,0.0002495805709884611,2.7308805683031196e-05,1.7916423172231678e-05,0.019194984646263114
ltown,hybrid,3,pooled,0.0005,0.05,0.00019868885226391047,0.019868885226391048,0.9127342758336072,0.001107982257654643,0.010255419241296918,0.9937915379440575,0.00036048654545769456,0.001582041359404408,0.6902505074643339,0.005372090913075248,0.024014346453776543,0.8931829424016459,0.002815543865916423,0.03217772049514722,0.8999586899113986,0.004450644271544256,0.017085588262037082,0.9941601395126651,0.00046303740741819496,0.0014538697943962651,0.8942687634468202,0.0017366731150985526,0.008676587070216069,0.6902505074643339,0.005372090913075248,0.024014346453776543,0.0001950217153324772,1.976117146020729e-05,1.2092199457375043e-05,0.0002228007455074817,1.9090664147046263e-05,1.9087250808199945e-05,0.01950217153324772
ltown,lightgbm,3,pooled,0.0005,0.05,0.00018895309850297884,0.018895309850297883,0.8976846782623735,0.0018586246048117002,0.010839175325977259,0.9949615805153338,0.00033270713838816796,0.001206675837785094,0.7083834776816086,0.004730533495937368,0.023242195911853485,0.8697757362786159,0.0026792769103166376,0.03795848296058162,0.8422316137844975,0.005273086007521581,0.02138674481230125,0.9960875852391559,0.0002946696717232391,0.0012136179257930275,0.8822879986998422,0.0018679856540585937,0.008865960811437108,0.7083834776816086,0.004730533495937368,0.023242195911853485,0.00018433910147826004,2.595181651449923e-05,1.3778103741334844e-05,0.00027722036781651564,2.791661395210727e-05,1.871597727926771e-05,0.018433910147826003
ltown,lightgbm,0,pooled,0.0005,0.05,0.00019521179734929202,0.0195211797349292,0.8684515267662986,0.0016477042495099815,0.011455429451944858,0.9927311364170328,0.0004593956294568074,0.002379918847201336,0.6926551851954567,0.00819843380728632,0.025493355106294125,0.7948835490014979,0.0015499096601316144,0.04420278348114452,0.7705525607402703,0.010456754981884033,0.021154997755836798,0.9934846790736725,0.000395282479720957,0.001991480682742447,0.8488614220855861,0.0016985541662690546,0.011824527136340307,0.6926551851954567,0.00819843380728632,0.025493355106294125,0.00019194984646263115,2.2903275491473483e-05,1.9704296386367634e-05,0.0002495805709884611,2.7308805683031196e-05,1.7916423172231678e-05,0.019194984646263114
ltown,hybrid,3,pooled,0.001,0.1,0.00019868885226391047,0.019868885226391048,0.9127342758336072,0.001107982257654643,0.010255419241296918,0.9937915379440575,0.00036048654545769456,0.001582041359404408,0.6902505074643339,0.005372090913075248,0.024014346453776543,0.8931829424016459,0.002815543865916423,0.03217772049514722,0.8999586899113986,0.004450644271544256,0.017085588262037082,0.9941601395126651,0.00046303740741819496,0.0014538697943962651,0.8942687634468202,0.0017366731150985526,0.008676587070216069,0.6902505074643339,0.005372090913075248,0.024014346453776543,0.0001950217153324772,1.976117146020729e-05,1.2092199457375043e-05,0.0002228007455074817,1.9090664147046263e-05,1.9087250808199945e-05,0.01950217153324772
ltown,lightgbm,3,pooled,0.001,0.1,0.00018895309850297884,0.018895309850297883,0.8976846782623735,0.0018586246048117002,0.010839175325977259,0.9949615805153338,0.00033270713838816796,0.001206675837785094,0.7083834776816086,0.004730533495937368,0.023242195911853485,0.8697757362786159,0.0026792769103166376,0.03795848296058162,0.8422316137844975,0.005273086007521581,0.02138674481230125,0.9960875852391559,0.0002946696717232391,0.0012136179257930275,0.8822879986998422,0.0018679856540585937,0.008865960811437108,0.7083834776816086,0.004730533495937368,0.023242195911853485,0.00018433910147826004,2.595181651449923e-05,1.3778103741334844e-05,0.00027722036781651564,2.791661395210727e-05,1.871597727926771e-05,0.018433910147826003
ltown,lightgbm,0,pooled,0.001,0.1,0.00019521179734929202,0.0195211797349292,0.8684515267662986,0.0016477042495099815,0.011455429451944858,0.9927311364170328,0.0004593956294568074,0.002379918847201336,0.6926551851954567,0.00819843380728632,0.025493355106294125,0.7948835490014979,0.0015499096601316144,0.04420278348114452,0.7705525607402703,0.010456754981884033,0.021154997755836798,0.9934846790736725,0.000395282479720957,0.001991480682742447,0.8488614220855861,0.0016985541662690546,0.011824527136340307,0.6926551851954567,0.00819843380728632,0.025493355106294125,0.00019194984646263115,2.2903275491473483e-05,1.9704296386367634e-05,0.0002495805709884611,2.7308805683031196e-05,1.7916423172231678e-05,0.019194984646263114
ltown,hybrid,3,pooled,0.0025,0.25,0.00019868885226391047,0.019868885226391048,0.9127342758336072,0.001107982257654643,0.010255419241296918,0.9937915379440575,0.00036048654545769456,0.001582041359404408,0.6902505074643339,0.005372090913075248,0.024014346453776543,0.8931829424016459,0.002815543865916423,0.03217772049514722,0.8999586899113986,0.004450644271544256,0.017085588262037082,0.9941601395126651,0.00046303740741819496,0.0014538697943962651,0.8942687634468202,0.0017366731150985526,0.008676587070216069,0.6902505074643339,0.005372090913075248,0.024014346453776543,0.0001950217153324772,1.976117146020729e-05,1.2092199457375043e-05,0.0002228007455074817,1.9090664147046263e-05,1.9087250808199945e-05,0.01950217153324772
ltown,lightgbm,3,pooled,0.0025,0.25,0.00018895309850297884,0.018895309850297883,0.8976846782623735,0.0018586246048117002,0.010839175325977259,0.9949615805153338,0.00033270713838816796,0.001206675837785094,0.7083834776816086,0.004730533495937368,0.023242195911853485,0.8697757362786159,0.0026792769103166376,0.03795848296058162,0.8422316137844975,0.005273086007521581,0.02138674481230125,0.9960875852391559,0.0002946696717232391,0.0012136179257930275,0.8822879986998422,0.0018679856540585937,0.008865960811437108,0.7083834776816086,0.004730533495937368,0.023242195911853485,0.00018433910147826004,2.595181651449923e-05,1.3778103741334844e-05,0.00027722036781651564,2.791661395210727e-05,1.871597727926771e-05,0.018433910147826003
ltown,lightgbm,0,pooled,0.0025,0.25,0.00019521179734929202,0.0195211797349292,0.8684515267662986,0.0016477042495099815,0.011455429451944858,0.9927311364170328,0.0004593956294568074,0.002379918847201336,0.6926551851954567,0.00819843380728632,0.025493355106294125,0.7948835490014979,0.0015499096601316144,0.04420278348114452,0.7705525607402703,0.010456754981884033,0.021154997755836798,0.9934846790736725,0.000395282479720957,0.001991480682742447,0.8488614220855861,0.0016985541662690546,0.011824527136340307,0.6926551851954567,0.00819843380728632,0.025493355106294125,0.00019194984646263115,2.2903275491473483e-05,1.9704296386367634e-05,0.0002495805709884611,2.7308805683031196e-05,1.7916423172231678e-05,0.019194984646263114
ltown,hybrid,3,pooled,0.005,0.5,0.00019868885226391047,0.019868885226391048,0.9127342758336072,0.001107982257654643,0.010255419241296918,0.9937915379440575,0.00036048654545769456,0.001582041359404408,0.6902505074643339,0.005372090913075248,0.024014346453776543,0.8931829424016459,0.002815543865916423,0.03217772049514722,0.8999586899113986,0.004450644271544256,0.017085588262037082,0.9941601395126651,0.00046303740741819496,0.0014538697943962651,0.8942687634468202,0.0017366731150985526,0.008676587070216069,0.6902505074643339,0.005372090913075248,0.024014346453776543,0.0001950217153324772,1.976117146020729e-05,1.2092199457375043e-05,0.0002228007455074817,1.9090664147046263e-05,1.9087250808199945e-05,0.01950217153324772
ltown,lightgbm,3,pooled,0.005,0.5,0.00018895309850297884,0.018895309850297883,0.8976846782623735,0.0018586246048117002,0.010839175325977259,0.9949615805153338,0.00033270713838816796,0.001206675837785094,0.7083834776816086,0.004730533495937368,0.023242195911853485,0.8697757362786159,0.0026792769103166376,0.03795848296058162,0.8422316137844975,0.005273086007521581,0.02138674481230125,0.9960875852391559,0.0002946696717232391,0.0012136179257930275,0.8822879986998422,0.0018679856540585937,0.008865960811437108,0.7083834776816086,0.004730533495937368,0.023242195911853485,0.00018433910147826004,2.595181651449923e-05,1.3778103741334844e-05,0.00027722036781651564,2.791661395210727e-05,1.871597727926771e-05,0.018433910147826003
ltown,lightgbm,0,pooled,0.005,0.5,0.00019521179734929202,0.0195211797349292,0.8684515267662986,0.0016477042495099815,0.011455429451944858,0.9927311364170328,0.0004593956294568074,0.002379918847201336,0.6926551851954567,0.00819843380728632,0.025493355106294125,0.7948835490014979,0.0015499096601316144,0.04420278348114452,0.7705525607402703,0.010456754981884033,0.021154997755836798,0.9934846790736725,0.000395282479720957,0.001991480682742447,0.8488614220855861,0.0016985541662690546,0.011824527136340307,0.6926551851954567,0.00819843380728632,0.025493355106294125,0.00019194984646263115,2.2903275491473483e-05,1.9704296386367634e-05,0.0002495805709884611,2.7308805683031196e-05,1.7916423172231678e-05,0.019194984646263114
ltown,hybrid,3,balanced,0.0,0.0,0.0,0.0,0.717302881388002,0.04374401538666458,0.017886280302046552,0.887686142238539,0.05626774879921921,0.010773762980162227,0.35017698049677404,0.08186286704461973,0.0396703681741168,0.6185047732740707,0.0522822765974437,0.04293440734926967,0.48844311917105776,0.02568656932088827,0.03536874484319373,0.8832870498001811,0.05812362064101435,0.00430439469230067,0.6456196129961246,0.0374672472788085,0.015128727266641174,0.35016344717381204,0.08184863868609965,0.03964523574930499,1.9615340169474968e-07,1.4132701046026594e-07,2.207997419989596e-07,1.4674468995271127e-06,4.813099896543673e-07,1.5592863551787134e-06,1.9615340169474966e-05
ltown,lightgbm,3,balanced,0.0,0.0,0.0,0.0,0.786949512328706,0.03144028355857702,0.017770963000486657,0.9626340293186354,0.02489506459260991,0.0056867135726120935,0.4673161872641252,0.0447467747940294,0.03875765722292196,0.6987847227406428,0.02756808009752747,0.047943879919985895,0.492438657203984,0.05743938027081065,0.03852093627667104,0.9613418792776536,0.025191935351086634,0.004896188620136938,0.7165030951610082,0.03515767930602868,0.014964923582263572,0.4542303636927901,0.04836313724456913,0.027317909290877938,2.729282085657126e-07,2.1655310464469758e-07,2.806367233902301e-07,4.6215029791464207e-07,3.965573251096655e-07,4.5270856506673854e-07,2.7292820856571262e-05
ltown,lightgbm,0,balanced,0.0,0.0,0.0,0.0,0.6515254243779183,0.20030596201382372,0.011337056179303362,0.8087107851785783,0.23702170894182778,0.012408184062969388,0.41473171960294153,0.09032110824667607,0.03345686840261884,0.5642477408903271,0.17909692165789706,0.03705750665576412,0.3910751521749364,0.14552970507895285,0.03386538722688909,0.8098266240568933,0.2353927427175689,0.014044093209083982,0.5977184043807353,0.17661606047776798,0.009609057385226428,0.3691987685474175,0.1307603358565262,0.02004632804256985,3.649805957628218e-07,4.7462266125978264e-07,4.536243051824576e-07,3.928026357329714e-07,5.286053790600018e-07,4.3980996448866654e-07,3.649805957628218e-05
ltown,hybrid,3,balanced,0.0001,0.01,9.600645341392154e-05,0.009600645341392152,0.9068943972012367,0.0025488003470973595,0.011124439135734842,0.9918984545708464,0.0010131507861737647,0.0032947358759811865,0.6573736770136426,0.007854091576619225,0.029960729790116446,0.8820154838341984,0.004393571423176629,0.03538941672292398,0.8608282517583167,0.007525627939434815,0.02258021792208794,0.99186077063777,0.0010980543584966894,0.0024051220942853703,0.8767953275629548,0.003163303141825532,0.010544027353337844,0.6573736770136426,0.007854091576619225,0.029960729790116446,9.38549084435086e-05,5.496885782311945e-06,7.572764941200744e-06,0.000109603504897658,4.0078596425706776e-06,1.3914332843263724e-05,0.00938549084435086
ltown,lightgbm,3,balanced,0.0001,0.01,9.906626173878575e-05,0.009906626173878575,0.8953998983911959,0.0025285963012777845,0.012189993892392509,0.9952953836734192,0.0003810024334800666,0.0013537832454579568,0.698212013499349,0.005186633864033991,0.025257758794639713,0.8553681401437407,0.004819631114024288,0.04120867616507459,0.8118365648237564,0.00862065476100883,0.024749347391405163,0.9962439184801652,0.0002943173112391656,0.0012781162888212431,0.8713912041240862,0.0033575192921382634,0.010726088438086588,0.698212013499349,0.005186633864033991,0.025257758794639713,9.981313818061925e-05,2.7281031541332184e-06,8.662926497866699e-06,0.00017081494466237887,7.478482677616876e-06,1.3696007854793229e-05,0.009981313818061926
ltown,lightgbm,0,balanced,0.0001,0.01,9.910599950923853e-05,0.009910599950923853,0.8659737701355806,0.0022014141675138614,0.012980677355081778,0.9923929656705278,0.00040041762369445966,0.002853499751473368,0.685223613162606,0.00402497290421954,0.03223786300878046,0.7850194407106469,0.0016490940601589482,0.04638736075609301,0.7272299316276306,0.011851179816661698,0.022458232239384035,0.9932272954231203,0.0003462703795833038,0.002326836168693237,0.8366186493189063,0.00251736181239047,0.013828055001887832,0.6833426038996713,0.0035978214359604966,0.02890289237726085,9.794128748757813e-05,3.539283104840204e-06,9.479304091971298e-06,0.0001233910436559023,8.029185285676552e-06,9.348737403416375e-06,0.009794128748757812
ltown,hybrid,3,balanced,0.00025,0.025,0.00023578406098158253,0.023578406098158252,0.9124523606974471,0.0010412163309961068,0.010047765308006756,0.9938057887393903,0.000420362241504414,0.0013171849224657656,0.6979577213346233,0.006114579182789508,0.02313596199829698,0.8945852539384828,0.0025075174911033267,0.03167990211578843,0.9073174769999838,0.003414252076675108,0.016090759546799165,0.9941366694060082,0.00044293849327435965,0.0013480341022067321,0.8975605820836976,0.0016464724594567341,0.008336817066464258,0.6979577213346233,0.006114579182789508,0.02313596199829698,0.0002301258413374786,9.680224331162582e-06,1.3693381418990798e-05,0.0002621397055498789,8.049304111108709e-06,1.9362181803326925e-05,0.02301258413374786
ltown,lightgbm,3,balanced,0.00025,0.025,0.00023882400042122038,0.023882400042122037,0.8968319591696022,0.001573943031632146,0.010430512012248297,0.994726827803044,0.00030976065959597025,0.0011664981309139103,0.7093371449348889,0.0050419725517361945,0.023711891022048927,0.874149289294805,0.003592126965925489,0.03734156790390547,0.8525608252445075,0.005585889596108982,0.02027538243236855,0.9957797309178447,0.000327309105152156,0.001151818499527568,0.8853107636390178,0.002412640766157099,0.008466188387211004,0.7093371449348889,0.0050419725517361945,0.023711891022048927,0.00022965115128655304,1.3778003706023172e-05,1.716487155589489e-05,0.0003328906542627086,1.650531235644052e-05,2.1947598323167333e-05,0.022965115128655303
ltown,lightgbm,0,balanced,0.00025,0.025,0.00021903459073573488,0.021903459073573488,0.8682498047924553,0.0013863343461013886,0.01146247522620574,0.9926752560182409,0.0004067139029404506,0.0022482775438446402,0.6925038719174839,0.008323791206166567,0.024694082454945285,0.796308658381769,0.001787439388144114,0.04403162488818267,0.7775507513990083,0.015095337154589255,0.021010595674479923,0.9934570671963936,0.0004478650115706041,0.0019796912287454965,0.8504991209825791,0.002872459715889071,0.01173301301279538,0.6925038719174839,0.008323791206166567,0.024694082454945285,0.00021278144951711615,2.013255753777658e-05,2.1661490756823778e-05,0.000276970249181775,3.1695957611065355e-05,2.0022226712116605e-05,0.021278144951711615
ltown,hybrid,3,balanced,0.0005,0.05,0.0004816416467729453,0.04816416467729453,0.9009804379753916,0.0009098180132474252,0.010408652649720974,0.9923272384295182,0.00031789216010689775,0.0011458480326877473,0.7307481029005098,0.0047231830861506575,0.019459161951696596,0.8986039885118073,0.0018270298083619,0.0296136325951482,0.9265154582521924,0.001004294578791632,0.009998418275500374,0.9923338149140228,0.0003638003345982736,0.001247275046949857,0.9081057206016101,0.0009720980341861462,0.0072194241552408925,0.7307481029005098,0.0047231830861506575,0.019459161951696596,0.00046753914361938255,1.1782063607695185e-05,2.4696543025117858e-05,0.000547119581368909,1.9950802096333597e-05,2.0939965891241088e-05,0.04675391436193826
ltown,lightgbm,3,balanced,0.0005,0.05,0.0003213792185368752,0.032137921853687516,0.8937321738380928,0.004446425305744065,0.01025622436870367,0.9943760467791678,0.0004442755718267,0.0011825820459939024,0.7090782223205125,0.0036383368320057887,0.023079796348894146,0.8794550721072522,0.005798115352375874,0.03676299189212631,0.8640288276543776,0.010272748623255615,0.018893594345214135,0.9954417824987971,0.000613387417676473,0.0011631994044866102,0.8884759902720215,0.0033871149034725365,0.008050431041646587,0.7090782223205125,0.0036383368320057887,0.023079796348894146,0.0003094125021572061,9.064548745766857e-05,2.2027162635599325e-05,0.0004254266641334388,0.00010066960454002238,2.5342549114037846e-05,0.030941250215720608
ltown,lightgbm,0,balanced,0.0005,0.05,0.0003272206707934341,0.03272206707934341,0.8650625946893137,0.004132908645548291,0.011349041093237585,0.9922868831471086,0.0006067664612263194,0.002040007858904961,0.6910066145117367,0.008525025939124317,0.022252604097802293,0.8017219964508123,0.004406926342208619,0.043328427550108496,0.8005261869397514,0.02395241919075091,0.019262200667388516,0.9929329051767275,0.0006860775875253222,0.0018416457391568334,0.8556949172452271,0.004201012814860388,0.010872220726337757,0.6910066145117367,0.008525025939124317,0.022252604097802293,0.0003165701385126493,0.00010227774201692243,2.8321518990963322e-05,0.00040407337963833885,0.000125229258668217,2.5482006152097065e-05,0.03165701385126493
ltown,hybrid,3,balanced,0.001,0.1,0.0005410893513703073,0.05410893513703073,0.8966334121801866,0.002974096791866052,0.010729036718567321,0.9920211805808239,0.00029970853363672637,0.0011392298903852734,0.7316282488936365,0.004976421464781404,0.018111596329636357,0.8989294606182678,0.0020517745667011597,0.029256148381487046,0.9274228380480873,0.0011957411441622886,0.009119934068206133,0.9919164597128558,0.0002865189591801726,0.0011461958504925286,0.9083836375707343,0.0011564483031068214,0.006933202420494168,0.7316282488936365,0.004976421464781404,0.018111596329636357,0.0005278338413903585,4.478316585887783e-05,2.5716234610977122e-05,0.0006231530251109773,4.47445740130492e-05,2.032633710648948e-05,0.052783384139035855
ltown,lightgbm,3,balanced,0.001,0.1,0.00033747301557025193,0.0337473015570252,0.8928555939328876,0.006319101236884413,0.010342166465518549,0.9942764358243228,0.0006226781599140383,0.001178079264804062,0.7085110828582231,0.003658260143326363,0.02278692412090884,0.8800378626145889,0.006871668698588511,0.03657096945663352,0.8653473818577933,0.012658410892305853,0.018833608739829782,0.9953600764492019,0.0007523364086440084,0.001176442731670631,0.8887065679208259,0.0037750506976157085,0.008034316188866169,0.7085110828582231,0.003658260143326363,0.02278692412090884,0.00032513705599711263,0.00012413937166371028,2.2602655839450495e-05,0.00044286605312311456,0.00013731334506333727,2.5388385746670383e-05,0.032513705599711264
ltown,lightgbm,0,balanced,0.001,0.1,0.0007166309523454722,0.07166309523454722,0.8451665538051444,0.013606329657813134,0.012806907446342202,0.9901398929205832,0.0017002048083357244,0.0013904524841844427,0.6879762440887348,0.009222999482247671,0.0189265903525208,0.8117888777010037,0.007769714694373027,0.04162028048209913,0.8365792486498103,0.038345199948629255,0.014911099840922827,0.9901547666316877,0.0021213937907986298,0.0016254149605791158,0.8633278059983638,0.006785601204641993,0.009875545168807493,0.6879762440887348,0.009222999482247671,0.0189265903525208,0.0006989714204387818,0.0002789410520146121,3.66418084004143e-05,0.0008230666335808202,0.00031824190644109637,2.6962963764556256e-05,0.06989714204387819
ltown,hybrid,3,balanced,0.0025,0.25,0.0005410893513703073,0.05410893513703073,0.8966334121801866,0.002974096791866052,0.010729036718567321,0.9920211805808239,0.00029970853363672637,0.0011392298903852734,0.7316282488936365,0.004976421464781404,0.018111596329636357,0.8989294606182678,0.0020517745667011597,0.029256148381487046,0.9274228380480873,0.0011957411441622886,0.009119934068206133,0.9919164597128558,0.0002865189591801726,0.0011461958504925286,0.9083836375707343,0.0011564483031068214,0.006933202420494168,0.7316282488936365,0.004976421464781404,0.018111596329636357,0.0005278338413903585,4.478316585887783e-05,2.5716234610977122e-05,0.0006231530251109773,4.47445740130492e-05,2.032633710648948e-05,0.052783384139035855
ltown,lightgbm,3,balanced,0.0025,0.25,0.00033747301557025193,0.0337473015570252,0.8928555939328876,0.006319101236884413,0.010342166465518549,0.9942764358243228,0.0006226781599140383,0.001178079264804062,0.7085110828582231,0.003658260143326363,0.02278692412090884,0.8800378626145889,0.006871668698588511,0.03657096945663352,0.8653473818577933,0.012658410892305853,0.018833608739829782,0.9953600764492019,0.0007523364086440084,0.001176442731670631,0.8887065679208259,0.0037750506976157085,0.008034316188866169,0.7085110828582231,0.003658260143326363,0.02278692412090884,0.00032513705599711263,0.00012413937166371028,2.2602655839450495e-05,0.00044286605312311456,0.00013731334506333727,2.5388385746670383e-05,0.032513705599711264
ltown,lightgbm,0,balanced,0.0025,0.25,0.0010033588350475213,0.10033588350475213,0.8281212503663254,0.02947549771972019,0.014189538169732136,0.9875767833686159,0.004153128472636835,0.0016145592815680712,0.6860676288810351,0.01050945409834469,0.017189355498803963,0.8148457343086041,0.00957911560516642,0.040986162871511536,0.8434353373448901,0.042810059057444505,0.014233134639989844,0.9874812248240391,0.004582963869044203,0.0017072216812073588,0.8638813417454367,0.007093506524270633,0.009650330032881559,0.6860676288810351,0.01050945409834469,0.017189355498803963,0.0009820327922898902,0.0005331143608513063,4.530352551468609e-05,0.0011175560948868827,0.0005781344996471829,2.970762475838238e-05,0.09820327922898903
ltown,hybrid,3,balanced,0.005,0.5,0.0005410893513703073,0.05410893513703073,0.8966334121801866,0.002974096791866052,0.010729036718567321,0.9920211805808239,0.00029970853363672637,0.0011392298903852734,0.7316282488936365,0.004976421464781404,0.018111596329636357,0.8989294606182678,0.0020517745667011597,0.029256148381487046,0.9274228380480873,0.0011957411441622886,0.009119934068206133,0.9919164597128558,0.0002865189591801726,0.0011461958504925286,0.9083836375707343,0.0011564483031068214,0.006933202420494168,0.7316282488936365,0.004976421464781404,0.018111596329636357,0.0005278338413903585,4.478316585887783e-05,2.5716234610977122e-05,0.0006231530251109773,4.47445740130492e-05,2.032633710648948e-05,0.052783384139035855
ltown,lightgbm,3,balanced,0.005,0.5,0.00033747301557025193,0.0337473015570252,0.8928555939328876,0.006319101236884413,0.010342166465518549,0.9942764358243228,0.0006226781599140383,0.001178079264804062,0.7085110828582231,0.003658260143326363,0.02278692412090884,0.8800378626145889,0.006871668698588511,0.03657096945663352,0.8653473818577933,0.012658410892305853,0.018833608739829782,0.9953600764492019,0.0007523364086440084,0.001176442731670631,0.8887065679208259,0.0037750506976157085,0.008034316188866169,0.7085110828582231,0.003658260143326363,0.02278692412090884,0.00032513705599711263,0.00012413937166371028,2.2602655839450495e-05,0.00044286605312311456,0.00013731334506333727,2.5388385746670383e-05,0.032513705599711264
ltown,lightgbm,0,balanced,0.005,0.5,0.001082655555986048,0.1082655555986048,0.8239244061950841,0.037968955851293944,0.014460873478641943,0.9868059511912556,0.005824902520395855,0.0015086332794215717,0.6859843198527488,0.010599415403589154,0.016955311743007625,0.8148757695971828,0.009599868150032163,0.04096180176513653,0.8436960446535516,0.04303373958592801,0.014123496341002488,0.9866059927025665,0.00637736998365977,0.0015746386355463607,0.8635936155994609,0.0070119226386162374,0.009582003724510513,0.6859843198527488,0.010599415403589154,0.016955311743007625,0.001057377771594136,0.0006812700330372989,4.565834108144194e-05,0.0011955192309441856,0.0007276047648034112,3.007680137035609e-05,0.1057377771594136
